/*
SQLyog Ultimate v9.63 
MySQL - 5.5.22 : Database - udanane1_dating
*********************************************************************
*/

/*!40101 SET NAMES utf8 */;

/*!40101 SET SQL_MODE=''*/;

/*!40014 SET @OLD_UNIQUE_CHECKS=@@UNIQUE_CHECKS, UNIQUE_CHECKS=0 */;
/*!40014 SET @OLD_FOREIGN_KEY_CHECKS=@@FOREIGN_KEY_CHECKS, FOREIGN_KEY_CHECKS=0 */;
/*!40101 SET @OLD_SQL_MODE=@@SQL_MODE, SQL_MODE='NO_AUTO_VALUE_ON_ZERO' */;
/*!40111 SET @OLD_SQL_NOTES=@@SQL_NOTES, SQL_NOTES=0 */;
CREATE DATABASE /*!32312 IF NOT EXISTS*/`udanane1_dating` /*!40100 DEFAULT CHARACTER SET utf8 */;

USE `udanane1_dating`;

/*Table structure for table `event_alert` */

DROP TABLE IF EXISTS `event_alert`;

CREATE TABLE `event_alert` (
  `id` int(11) NOT NULL AUTO_INCREMENT,
  `event_id` int(11) NOT NULL,
  `user_id` int(11) NOT NULL,
  `message` text NOT NULL,
  `date` date NOT NULL,
  `read` tinyint(4) NOT NULL,
  PRIMARY KEY (`id`)
) ENGINE=InnoDB AUTO_INCREMENT=21 DEFAULT CHARSET=latin1;

/*Data for the table `event_alert` */

LOCK TABLES `event_alert` WRITE;

insert  into `event_alert`(`id`,`event_id`,`user_id`,`message`,`date`,`read`) values (1,22,12,'There is a event, exactly suitable for you <a href=\"http://dating.com/publicevent/view/22\" target=\"_blank\">hip hip hurrayy</a>','2012-02-01',0),(2,22,10,'There is a event, exactly suitable for you <a href=\"http://dating.com/publicevent/view/22\" target=\"_blank\">hip hip hurrayy</a>','2012-02-01',0),(3,22,14,'There is a event, exactly suitable for you <a href=\"http://dating.com/publicevent/view/22\" target=\"_blank\">hip hip hurrayy</a>','2012-02-01',0),(4,22,15,'There is a event, exactly suitable for you <a href=\"http://dating.com/publicevent/view/22\" target=\"_blank\">hip hip hurrayy</a>','2012-02-01',0),(5,22,16,'There is a event, exactly suitable for you <a href=\"http://dating.com/publicevent/view/22\" target=\"_blank\">hip hip hurrayy</a>','2012-01-02',0),(6,22,17,'There is a event, exactly suitable for you <a href=\"http://dating.com/publicevent/view/22\" target=\"_blank\">hip hip hurrayy</a>','2012-02-01',0),(7,22,18,'There is a event, exactly suitable for you <a href=\"http://dating.com/publicevent/view/22\" target=\"_blank\">hip hip hurrayy</a>','2012-02-01',0),(9,22,20,'There is a event, exactly suitable for you <a href=\"http://dating.com/publicevent/view/22\" target=\"_blank\">hip hip hurrayy</a>','2012-02-01',0),(10,22,19,'The event is updated by user <a href=\"http://dating.com/publicevent/view/22\" target=\"_blank\">hip hip hurrayy</a>','2012-02-01',0),(11,23,12,'There is a event, exactly suitable for you <a href=\"http://dating.com/publicevent/viewalert/23\" target=\"_blank\">fggdfgdfgdfg</a>','2012-02-01',0),(12,23,10,'There is a event, exactly suitable for you <a href=\"http://dating.com/publicevent/viewalert/23\" target=\"_blank\">fggdfgdfgdfg</a>','2012-02-01',0),(13,23,14,'There is a event, exactly suitable for you <a href=\"http://dating.com/publicevent/viewalert/23\" target=\"_blank\">fggdfgdfgdfg</a>','2012-02-01',0),(14,23,15,'There is a event, exactly suitable for you <a href=\"http://dating.com/publicevent/viewalert/23\" target=\"_blank\">fggdfgdfgdfg</a>','2012-02-01',0),(15,23,16,'There is a event, exactly suitable for you <a href=\"http://dating.com/publicevent/viewalert/23\" target=\"_blank\">fggdfgdfgdfg</a>','2012-02-01',0),(16,23,17,'There is a event, exactly suitable for you <a href=\"http://dating.com/publicevent/viewalert/23\" target=\"_blank\">fggdfgdfgdfg</a>','2012-02-01',0),(17,23,18,'There is a event, exactly suitable for you <a href=\"http://dating.com/publicevent/viewalert/23\" target=\"_blank\">fggdfgdfgdfg</a>','2012-02-01',0),(19,23,20,'There is a event, exactly suitable for you <a href=\"http://dating.com/publicevent/viewalert/23\" target=\"_blank\">fggdfgdfgdfg</a>','2012-02-01',0),(20,10,9,'There is a event, exactly suitable for you <a href=\"http://udana.info/publicevent/view/10\" target=\"_blank\">test event title 6</a>','2012-02-01',1);

UNLOCK TABLES;

/*Table structure for table `event_allert_templates` */

DROP TABLE IF EXISTS `event_allert_templates`;

CREATE TABLE `event_allert_templates` (
  `code` varchar(10) NOT NULL,
  `template` text NOT NULL,
  PRIMARY KEY (`code`)
) ENGINE=InnoDB DEFAULT CHARSET=latin1;

/*Data for the table `event_allert_templates` */

LOCK TABLES `event_allert_templates` WRITE;

insert  into `event_allert_templates`(`code`,`template`) values ('DELETE','The event([EVENT_NAME]) is deleted by user , sorry for the convinence. '),('EDIT','The event is updated by user [EVENT_LINK]'),('NEW','There is a event, exactly suitable for you [EVENT_LINK]');

UNLOCK TABLES;

/*Table structure for table `event_categories` */

DROP TABLE IF EXISTS `event_categories`;

CREATE TABLE `event_categories` (
  `id` int(11) NOT NULL AUTO_INCREMENT,
  `name` varchar(150) NOT NULL,
  `order` int(11) NOT NULL,
  PRIMARY KEY (`id`)
) ENGINE=InnoDB AUTO_INCREMENT=12 DEFAULT CHARSET=latin1;

/*Data for the table `event_categories` */

LOCK TABLES `event_categories` WRITE;

insert  into `event_categories`(`id`,`name`,`order`) values (1,'Singles Speed Dating',1),(2,'Private House Parties',2),(3,'Dance Parties',3),(4,'Swingers Parties',4),(5,'Meet and Greet Drinks Nights',5),(6,'Travel Packages',6),(7,'Social Networking Nights',7),(8,'Fetish Parties & Events',8),(9,'Erotic Workshops',9),(10,'Burlesque Events',10),(11,'Lingerie Restaurants',11);

UNLOCK TABLES;

/*Table structure for table `event_guests` */

DROP TABLE IF EXISTS `event_guests`;

CREATE TABLE `event_guests` (
  `event_id` int(11) NOT NULL,
  `guest_id` int(11) NOT NULL,
  `comment` text NOT NULL,
  PRIMARY KEY (`event_id`,`guest_id`)
) ENGINE=InnoDB DEFAULT CHARSET=latin1;

/*Data for the table `event_guests` */

LOCK TABLES `event_guests` WRITE;

insert  into `event_guests`(`event_id`,`guest_id`,`comment`) values (0,9,'heyy i\'m commingwwwwwfdfs'),(2,9,'sadasd'),(2,19,'gdfgfdg fdgfgfdg fg'),(4,9,'');

UNLOCK TABLES;

/*Table structure for table `events` */

DROP TABLE IF EXISTS `events`;

CREATE TABLE `events` (
  `id` int(11) NOT NULL AUTO_INCREMENT,
  `category_id` text NOT NULL,
  `event_added_by` int(11) NOT NULL,
  `added_date` date NOT NULL,
  `event_title` varchar(255) NOT NULL,
  `banner_name` varchar(255) NOT NULL,
  `held_date` date NOT NULL,
  `guest_types` text NOT NULL,
  `aged1` int(11) NOT NULL,
  `aged2` int(11) NOT NULL,
  `event_description` text NOT NULL,
  `max_attendess` int(11) NOT NULL,
  `accept_interest` tinyint(4) NOT NULL,
  `ticket_booking_url` text NOT NULL,
  `event_rules` text NOT NULL,
  `theme` varchar(255) NOT NULL,
  `state` varchar(255) NOT NULL,
  `time` varchar(100) NOT NULL,
  `location` int(200) NOT NULL,
  `dress_code` varchar(200) NOT NULL,
  `entry_fee` decimal(10,0) NOT NULL,
  `show_contact_number` tinyint(4) NOT NULL,
  `show_email` tinyint(4) NOT NULL,
  `website_url` varchar(255) NOT NULL,
  PRIMARY KEY (`id`)
) ENGINE=InnoDB AUTO_INCREMENT=11 DEFAULT CHARSET=latin1;

/*Data for the table `events` */

LOCK TABLES `events` WRITE;

insert  into `events`(`id`,`category_id`,`event_added_by`,`added_date`,`event_title`,`banner_name`,`held_date`,`guest_types`,`aged1`,`aged2`,`event_description`,`max_attendess`,`accept_interest`,`ticket_booking_url`,`event_rules`,`theme`,`state`,`time`,`location`,`dress_code`,`entry_fee`,`show_contact_number`,`show_email`,`website_url`) values (1,'a:3:{i:0;s:1:\"3\";i:1;s:1:\"5\";i:2;s:1:\"6\";}',9,'2012-01-26','test event title','f502ad99127701330794f0163f9ae1e0.jpg','2012-01-26','a:4:{i:0;s:3:\"Man\";i:1;s:5:\"Woman\";i:2;s:6:\"Couple\";i:3;s:5:\"Group\";}',18,50,'test event description test event descriptiontest event descriptiontest event description',12,1,'www.udana.info','1. rule fisrst','blue','','12:30 p.m ',2,'','0',1,1,'www.udana.info'),(2,'a:3:{i:0;s:1:\"3\";i:1;s:1:\"5\";i:2;s:1:\"6\";}',9,'2012-01-26','test event title 2','6be1afaf832538a8a9942dcb0d353160.jpg','2012-09-14','a:4:{i:0;s:3:\"Man\";i:1;s:5:\"Woman\";i:2;s:6:\"Couple\";i:3;s:5:\"Group\";}',18,50,'as aasdasdasdsa djkash dasdjkas kjdhaskjd jkashdjasdj ahsjsjdhsajdhasdjkahsdjkash djkashdjasd sd ashasjhfj fewurrh erhewui',20,1,'www.udana.info','fsdfsdfsdfdsfdsfdsfns dfnlkdsfksdfk hdskjfsdfksdhfkhsdkjfhsdfhksd. skfjsjdfsjdfjsdkfjsdfksdf;j','fsfdf','fdsfds','morning 3',2,'','20',1,1,''),(3,'a:3:{i:0;s:1:\"3\";i:1;s:1:\"5\";i:2;s:1:\"6\";}',9,'2012-12-28','test event title 3','74d99323e1c762b5aa3ad3a9c3545e40.png','2012-12-28','a:2:{i:0;s:5:\"Woman\";i:1;s:6:\"Couple\";}',18,50,'czxcz cz dfsdg fsgfsd fsjgfjsdgffgsdfg dsfsk',0,1,'www.udana.info','sdsad asdsadasd asdsadasdasdasddsadasd','','','',2,'','0',1,1,'www.udana.info'),(4,'a:5:{i:0;s:1:\"4\";i:1;s:1:\"6\";i:2;s:1:\"8\";i:3;s:1:\"9\";i:4;s:2:\"10\";}',9,'2012-02-01','test event title 4','93137432676461c21805e79e7d26f03b.jpg','2012-01-31','a:4:{i:0;s:3:\"Man\";i:1;s:5:\"Woman\";i:2;s:6:\"Couple\";i:3;s:5:\"Group\";}',18,50,'dasdasdsa dasdjkas dsahd sajd kjasd aksdkas d',32,0,'','','','','',2,'','0',0,0,''),(5,'a:3:{i:0;s:1:\"1\";i:1;s:1:\"2\";i:2;s:1:\"3\";}',9,'2012-01-28','test event title 5','23c115e82321579cf6cc3cf74705ac8a.jpg','2012-02-09','a:3:{i:0;s:3:\"Man\";i:1;s:5:\"Woman\";i:2;s:6:\"Couple\";}',18,30,'dasdasdasd sd asdasdasdasd asda',10,0,'','','','','',2,'','0',0,0,''),(6,'a:4:{i:0;s:1:\"2\";i:1;s:1:\"9\";i:2;s:2:\"10\";i:3;s:2:\"11\";}',9,'2012-01-29','fdf dsfdsf sdf','c5b08160f10d81b01ec947b6bdc16956.jpg','2012-11-21','a:2:{i:0;s:5:\"Woman\";i:1;s:6:\"Couple\";}',18,50,'fsfdsfsdfsd fsdfsdfsdfsdfsf sdfsdfsdfsdfsdfsd',2,1,'','','','','',2,'','0',0,0,''),(7,'a:4:{i:0;s:1:\"2\";i:1;s:1:\"3\";i:2;s:1:\"4\";i:3;s:1:\"6\";}',9,'2012-02-01','fdsfdsfdsf gfdg','','2012-08-15','a:3:{i:0;s:3:\"Man\";i:1;s:5:\"Woman\";i:2;s:5:\"Group\";}',18,20,'fy fggkjdsfdsfdsfsdf',3,0,'','','','','',2,'','0',0,0,''),(8,'a:10:{i:0;s:1:\"1\";i:1;s:1:\"2\";i:2;s:1:\"3\";i:3;s:1:\"4\";i:4;s:1:\"5\";i:5;s:1:\"7\";i:6;s:1:\"8\";i:7;s:1:\"9\";i:8;s:2:\"10\";i:9;s:2:\"11\";}',9,'2012-01-29','gfdgfdgfdg','12bc055f14f5297065c233a100528ccb.jpg','2012-06-14','a:2:{i:0;s:3:\"Man\";i:1;s:5:\"Woman\";}',18,50,'vfgfdgdfgfd gfdgfdgfg',2,1,'','','','','',2,'','0',0,0,''),(9,'a:10:{i:0;s:1:\"1\";i:1;s:1:\"2\";i:2;s:1:\"3\";i:3;s:1:\"4\";i:4;s:1:\"6\";i:5;s:1:\"7\";i:6;s:1:\"8\";i:7;s:1:\"9\";i:8;s:2:\"10\";i:9;s:2:\"11\";}',9,'2012-01-29','gdfgfdgfdg','','2012-05-24','a:2:{i:0;s:3:\"Man\";i:1;s:5:\"Woman\";}',18,50,'gdfgfdg',0,1,'','','','','',2,'','0',0,0,''),(10,'a:3:{i:0;s:1:\"2\";i:1;s:1:\"3\";i:2;s:1:\"5\";}',9,'2012-02-01','test event title 6','','2012-05-18','a:2:{i:0;s:3:\"Man\";i:1;s:5:\"Woman\";}',18,50,'dasdsadsa dsadsad',0,1,'','','','','',5,'','0',0,0,'');

UNLOCK TABLES;

/*Table structure for table `flirter` */

DROP TABLE IF EXISTS `flirter`;

CREATE TABLE `flirter` (
  `id` int(11) NOT NULL AUTO_INCREMENT,
  `text` text NOT NULL,
  `category_id` int(11) NOT NULL,
  `published` tinyint(4) NOT NULL,
  PRIMARY KEY (`id`)
) ENGINE=InnoDB AUTO_INCREMENT=19 DEFAULT CHARSET=utf8;

/*Data for the table `flirter` */

LOCK TABLES `flirter` WRITE;

insert  into `flirter`(`id`,`text`,`category_id`,`published`) values (1,'You\'re exactly what I\'m looking for. Please message me I\'m keen',1,1),(2,'If I send you a message, would you reply? ',1,1),(3,'Want to meet and see where it goes? I\'ve got some free time.',1,1),(4,'Please contact me if you would like to meet. I’m looking for some fun. ',1,1),(5,'Please contact me, my number is listed. Two questions, when and where?\r\n',1,1),(6,'You rock my socks off, can I borrow yours? ',2,1),(7,'I’m not Santa but you can sit on my lap anytime',2,1),(8,'Stop teasin’ me and start pleasin’ me! ',2,1),(9,'You are at the top of my \"to do\" list\r\n',2,1),(10,'Can I give you an Aussie kiss? It\'s like a French kiss but down under ',3,1),(11,'If I show you I\'m Australian would you show me your Brazilian? ',3,1),(12,'Nudge nudge wink wink. You, me, whipped cream and handcuffs',3,1),(13,'Any questions? Is it hot in here or have you just set my pants on fire? ',3,1),(14,' If I show you mine will you show me yours?\r\n',3,1),(15,'I noticed you noticed me, and now I’ve noticed you too',4,1),(16,'Damn! You sure are hot. What do you think of me? ',4,1),(17,'I just wanted to say that I loved your profile. ',4,1),(18,'I\'m looking for some new friends. Let\'s exchange messages?\r\n',4,1);

UNLOCK TABLES;

/*Table structure for table `flirter_category` */

DROP TABLE IF EXISTS `flirter_category`;

CREATE TABLE `flirter_category` (
  `id` int(11) NOT NULL AUTO_INCREMENT,
  `category` varchar(100) NOT NULL,
  PRIMARY KEY (`id`)
) ENGINE=InnoDB AUTO_INCREMENT=5 DEFAULT CHARSET=utf8;

/*Data for the table `flirter_category` */

LOCK TABLES `flirter_category` WRITE;

insert  into `flirter_category`(`id`,`category`) values (1,'To the point'),(2,'Fun'),(3,'Sexy'),(4,'Ice Breakers');

UNLOCK TABLES;

/*Table structure for table `list_category` */

DROP TABLE IF EXISTS `list_category`;

CREATE TABLE `list_category` (
  `id` int(11) NOT NULL AUTO_INCREMENT,
  `code` varchar(10) NOT NULL,
  `name` varchar(255) NOT NULL,
  `message_format` text NOT NULL,
  PRIMARY KEY (`id`),
  UNIQUE KEY `code` (`code`)
) ENGINE=InnoDB AUTO_INCREMENT=4 DEFAULT CHARSET=latin1;

/*Data for the table `list_category` */

LOCK TABLES `list_category` WRITE;

insert  into `list_category`(`id`,`code`,`name`,`message_format`) values (1,'FRIEND','My Friends','Hello <br/><br/>\r\n[USER] is asking from you to be your friend, do you accept it? <br/><br/> \r\nIf so click here [URL]\r\n\r\n'),(2,'HOT','My Hot List','Hello <br/><br/>\r\n[USER] is asking from you to add the host, do you accept it? <br/><br/> \r\nIf so click here\r\n\r\n'),(3,'SHORT','My Friends','Hello <br/><br/>\r\n[USER] is asking from you to add the short list, do you accept it? <br/><br/> \r\nIf so click here [URL] \r\n\r\n');

UNLOCK TABLES;

/*Table structure for table `member_settings` */

DROP TABLE IF EXISTS `member_settings`;

CREATE TABLE `member_settings` (
  `userid` int(11) NOT NULL,
  `auto_reply_text` text NOT NULL,
  `auto_reply_on_off` tinyint(4) NOT NULL,
  `num_messages_pp` int(11) NOT NULL DEFAULT '25',
  `num_flirts_pp` int(11) NOT NULL DEFAULT '25',
  `num_searches_pp` int(11) NOT NULL DEFAULT '10',
  `telephone_no` varchar(15) NOT NULL,
  `tp_no_visible` tinyint(4) NOT NULL,
  `tp_no_sms_only` tinyint(4) NOT NULL,
  `visible_to_others` tinyint(4) NOT NULL DEFAULT '1',
  `visible_as_online` tinyint(4) NOT NULL DEFAULT '1',
  `not_let_know_i_view` tinyint(4) NOT NULL,
  `not_accept_new_msg` tinyint(4) NOT NULL,
  PRIMARY KEY (`userid`)
) ENGINE=InnoDB DEFAULT CHARSET=latin1;

/*Data for the table `member_settings` */

LOCK TABLES `member_settings` WRITE;

insert  into `member_settings`(`userid`,`auto_reply_text`,`auto_reply_on_off`,`num_messages_pp`,`num_flirts_pp`,`num_searches_pp`,`telephone_no`,`tp_no_visible`,`tp_no_sms_only`,`visible_to_others`,`visible_as_online`,`not_let_know_i_view`,`not_accept_new_msg`) values (9,'auto reply message',1,5,3,2,'12123',0,1,1,0,1,1),(10,'',0,25,25,10,'',0,0,1,1,0,0),(12,'',0,25,25,10,'',0,0,1,1,0,0),(24,'',0,25,25,10,'',0,0,1,1,0,0),(25,'',0,25,25,10,'0404137121',1,0,1,1,0,0);

UNLOCK TABLES;

/*Table structure for table `messages` */

DROP TABLE IF EXISTS `messages`;

CREATE TABLE `messages` (
  `id` int(11) NOT NULL AUTO_INCREMENT,
  `reply` int(11) NOT NULL,
  `title` varchar(255) DEFAULT NULL,
  `message` longtext NOT NULL,
  `from` int(11) NOT NULL,
  `to` int(11) NOT NULL,
  `read` tinyint(1) NOT NULL DEFAULT '0',
  `trash` tinyint(1) NOT NULL DEFAULT '0',
  `created` timestamp NOT NULL DEFAULT CURRENT_TIMESTAMP,
  PRIMARY KEY (`id`)
) ENGINE=InnoDB AUTO_INCREMENT=51 DEFAULT CHARSET=latin1;

/*Data for the table `messages` */

LOCK TABLES `messages` WRITE;

insert  into `messages`(`id`,`reply`,`title`,`message`,`from`,`to`,`read`,`trash`,`created`) values (3,0,'Hello!','Test		    ',10,9,1,0,'2011-11-12 18:15:43'),(4,0,'hiiiiiii','test messsaageee\n		    ',9,16,1,1,'2011-12-17 21:52:31'),(5,0,'helooooo','\n		    me mamaaaaaaaa',16,9,1,1,'2011-12-21 08:16:58'),(6,0,'helooooobbb','\n		    me mamaaaaaaaa',16,9,0,1,'2011-12-21 08:33:59'),(7,0,'fdgdfg','\n		    fdgdfgdfgfdg',9,16,0,1,'2011-12-22 01:12:57'),(8,0,'fdgdfg','\n		    fdgdfgdfgfdg',9,16,1,1,'2011-12-22 01:14:33'),(9,0,'','\n		    ',9,16,0,0,'2011-12-22 01:17:24'),(10,0,'hgfg','fhfghfgh hf  hgfhfghfghfghh',9,16,0,0,'2011-12-22 01:18:18'),(11,0,'hfghfg','\n		    hfghfghfgh',9,16,0,0,'2011-12-22 01:18:50'),(12,0,'hgjhgj 22222222','\n		    hgjghjh hgjhgj',9,16,0,0,'2011-12-22 01:48:37'),(13,0,'tyrtyrtyrt','yrtyrty rty rty tutr hrty ytrtyrt \n		    ',9,16,0,0,'2011-12-22 01:58:23'),(14,0,'fsdfsdfdsf','            fdsfdsfsdfsdfreply_id=5',9,0,0,0,'2011-12-22 03:10:07'),(15,0,'fsdfsdfdsf','            fdsfdsfsdfsdfreply_id=5',9,0,0,0,'2011-12-22 03:12:13'),(16,0,'hgfhfgh hf hgfh','            gfdgdfgdfgdfreply_id=5',9,0,0,0,'2011-12-22 03:15:23'),(17,5,'gjhgj','            hgjhg jhgjghj hgjghj gjghjghj',9,0,0,0,'2011-12-22 03:17:30'),(18,5,'reply test','            sadasdas dsad asd',9,16,1,0,'2011-12-22 03:24:45'),(19,18,'gfdgfdg','            gdfgdfgfdg fgdfg fgdfg',16,9,1,1,'2011-12-22 03:31:28'),(20,19,'reply testing twooo','got my reply to message gfd      ',9,16,1,0,'2011-12-22 03:44:52'),(21,20,'reply tesing threee','this is my reply to message twooo            ',16,9,1,0,'2011-12-22 03:46:34'),(22,21,':) hellooooo','i am online             ',9,16,0,0,'2011-12-24 06:59:55'),(23,21,'sdjf klsdfsdf jksh','k kdskd askdas            ',9,16,1,0,'2011-12-25 04:46:25'),(24,0,'Want to meet and see where it goes? I\'ve got some free time.','Want to meet and see where it goes? I\'ve got some free time.',9,10,0,0,'2011-12-27 00:54:52'),(25,0,'helooo tau','this is tesing message for auto reply    ',16,9,0,0,'2011-12-31 02:25:27'),(26,0,'sfdsf','\n		 dsf dsf   ',16,9,0,0,'2011-12-31 02:27:01'),(27,0,'sfdsff afsaf','\n		 dsf dsf   fsa',16,9,1,0,'2011-12-31 02:28:13'),(28,0,'sfdsff afsaf gvdg','\n		 dsf dsf   fsa',16,9,1,0,'2011-12-31 02:28:57'),(29,0,'tesyting auuu','\n	d asdsad	 dsf dsf   fsa',16,9,1,0,'2011-12-31 02:29:49'),(30,0,'Re: tesyting auuu','ajs djsdj asdjasdh gfdg d gd jgjg jghjg j ggfgfdgfdg  fgdgdgfd gdfgfdgdfgd gdfgdfgdfg sfdsf gdgj gj dgd vggfgdgfg gdgdg fs fdfdsf dfsdf ',9,16,1,0,'2011-12-31 02:29:49'),(31,0,'test au 2','\ntest au 2		    ',16,9,1,0,'2011-12-31 02:33:06'),(32,0,'bsafd asgdasj','gd adsakda\n',9,16,1,0,'2012-01-11 03:11:46'),(33,0,'tttttttttttt','tesing bolk',9,19,1,0,'2012-01-21 21:23:48'),(34,0,'gggggggggg','testing bock',9,19,0,0,'2012-01-21 21:25:33'),(35,0,'jhjjjjjjjjjjjjjjjjjjj','jjjjjjjj777777777777777777',9,18,0,0,'2012-01-21 21:29:48'),(36,0,'jgggggggggg','gjhg',9,16,0,0,'2012-01-21 21:30:37'),(37,0,'jgggggggggg444','gjhg4444',9,16,0,0,'2012-01-21 21:38:41'),(38,0,'jghjhg','jhgjhgjh',19,9,0,0,'2012-01-21 21:40:01'),(39,0,'Re: jghjhg','auto reply message',9,19,0,0,'2012-01-21 21:40:01'),(40,0,'gfdg','fgdfg',9,16,0,0,'2012-01-21 21:44:46'),(41,0,'Re: hi udana','auto reply message',9,24,1,0,'2012-02-20 20:42:54'),(42,0,'hiiiiiiiiiiii','hoooooooooo',9,24,1,0,'2012-02-20 22:02:29'),(43,42,'jhgjhg','            jhgjhg jghj',24,9,0,0,'2012-02-20 22:03:07'),(44,0,'Test Title','Test Body',26,19,1,0,'2012-03-09 09:02:47'),(45,0,'werewrewr','ewrewr',20,19,1,0,'2012-03-13 10:51:52'),(46,0,'hello kittykat want to chat ?','',25,29,1,0,'2012-03-24 20:51:39'),(47,46,'','            ',29,25,1,0,'2012-03-24 20:57:26'),(48,46,'sure I do why do you think I\'m on line, Lets see how much room I have here to keep on writing','            ',29,25,1,0,'2012-03-24 20:58:44'),(49,0,'Just tried to send a flirt but there was a php error in sending it apparently.  Did you get a flirt, and this small line set up is annoying, should be  a larger box to write more dirty stuff if people want to. Some people want to go on and on and on about','',29,25,1,0,'2012-03-24 21:27:53'),(50,0,'hgf','fghfgh',16,18,0,0,'2012-04-02 02:26:38');

UNLOCK TABLES;

/*Table structure for table `my_friends` */

DROP TABLE IF EXISTS `my_friends`;

CREATE TABLE `my_friends` (
  `userid` int(11) NOT NULL,
  `friend_id` int(11) NOT NULL,
  `order` int(11) NOT NULL,
  PRIMARY KEY (`userid`,`friend_id`)
) ENGINE=InnoDB DEFAULT CHARSET=latin1;

/*Data for the table `my_friends` */

LOCK TABLES `my_friends` WRITE;

insert  into `my_friends`(`userid`,`friend_id`,`order`) values (9,10,3),(9,18,2),(9,19,1),(19,9,1),(24,9,1);

UNLOCK TABLES;

/*Table structure for table `notification` */

DROP TABLE IF EXISTS `notification`;

CREATE TABLE `notification` (
  `id` int(11) NOT NULL AUTO_INCREMENT,
  `user_id` int(11) NOT NULL,
  `text` text NOT NULL,
  `datetime` timestamp NOT NULL DEFAULT CURRENT_TIMESTAMP,
  `read` int(11) NOT NULL,
  PRIMARY KEY (`id`)
) ENGINE=InnoDB AUTO_INCREMENT=348 DEFAULT CHARSET=latin1;

/*Data for the table `notification` */

LOCK TABLES `notification` WRITE;

insert  into `notification`(`id`,`user_id`,`text`,`datetime`,`read`) values (24,18,'Your profile is view by <a href=\"http://udana.info/profile?id=\" traget=\"_blank\"></a>','2012-03-15 11:04:31',0),(25,24,'Your profile is view by <a href=\"http://udana.info/profile?id=\" traget=\"_blank\"></a>','2012-03-15 11:04:49',0),(26,12,'Your profile is view by <a href=\"http://udana.info/profile?id=\" traget=\"_blank\"></a>','2012-03-15 11:05:03',0),(27,15,'Your profile is view by <a href=\"http://udana.info/profile?id=\" traget=\"_blank\"></a>','2012-03-15 11:05:20',0),(28,9,'Your profile is view by <a href=\"http://udana.info/profile?id=\" traget=\"_blank\"></a>','2012-03-15 11:05:30',0),(29,14,'Your profile is view by <a href=\"http://udana.info/profile?id=\" traget=\"_blank\"></a>','2012-03-15 11:05:45',0),(30,21,'Your profile is view by <a href=\"http://udana.info/profile?id=\" traget=\"_blank\"></a>','2012-03-15 11:05:59',0),(31,16,'Your profile is view by <a href=\"http://udana.info/profile?id=\" traget=\"_blank\"></a>','2012-03-15 11:06:18',0),(32,19,'Your profile is view by <a href=\"http://udana.info/profile?id=\" traget=\"_blank\"></a>','2012-03-15 11:06:33',0),(33,25,'Your profile is view by <a href=\"http://udana.info/profile?id=25\" traget=\"_blank\">neville</a>','2012-03-18 03:10:44',1),(34,14,'Your profile is view by <a href=\"http://www.udana.info/profile?id=\" traget=\"_blank\"></a>','2012-03-18 17:08:10',0),(35,16,'Your profile is view by <a href=\"http://www.udana.info/profile?id=\" traget=\"_blank\"></a>','2012-03-19 02:42:08',0),(36,9,'Your profile is view by <a href=\"http://www.udana.info/profile?id=\" traget=\"_blank\"></a>','2012-03-19 12:16:52',0),(37,15,'Your profile is view by <a href=\"http://www.udana.info/profile?id=\" traget=\"_blank\"></a>','2012-03-22 19:39:32',0),(38,25,'Your profile is view by <a href=\"http://udana.info/profile?id=25\" traget=\"_blank\">neville</a>','2012-03-24 20:11:48',1),(39,25,'Your profile is view by <a href=\"http://udana.info/profile?id=25\" traget=\"_blank\">neville</a>','2012-03-24 20:46:50',0),(40,29,'Your profile is view by <a href=\"http://udana.info/profile?id=25\" traget=\"_blank\">neville</a>','2012-03-24 20:49:17',1),(41,29,'You have recieved <a href=\"http://udana.info/message/view/46/action/inbox\" traget=\"_blank\">message from neville</a>','2012-03-24 20:51:39',1),(42,25,'You have recieved <a href=\"http://www.udana.info/message/view/47/action/inbox\" traget=\"_blank\">message from Tania</a>','2012-03-24 20:57:26',0),(43,25,'You have recieved <a href=\"http://www.udana.info/message/view/48/action/inbox\" traget=\"_blank\">message from Tania</a>','2012-03-24 20:58:44',1),(44,29,'Your profile is view by <a href=\"http://udana.info/profile?id=25\" traget=\"_blank\">neville</a>','2012-03-24 21:16:37',1),(45,25,'Your profile is view by <a href=\"http://www.udana.info/profile?id=29\" traget=\"_blank\">Tania</a>','2012-03-24 21:25:19',0),(46,25,'You have revieved <a href=\"http://www.udana.info/flirter/view/38/action/inbox\" traget=\"_blank\">flirter from Tania</a>','2012-03-24 21:25:55',0),(47,25,'You have recieved <a href=\"http://www.udana.info/message/view/49/action/inbox\" traget=\"_blank\">message from Tania</a>','2012-03-24 21:27:53',0),(48,25,'Your profile is view by <a href=\"http://udana.info/profile?id=25\" traget=\"_blank\">neville</a>','2012-03-24 21:42:54',0),(49,25,'You have revieved <a href=\"http://udana.info/flirter/view/39/action/inbox\" traget=\"_blank\">flirter from neville</a>','2012-03-24 21:43:04',0),(50,25,'Your profile is view by <a href=\"http://udana.info/profile?id=29\" traget=\"_blank\">Tania</a>','2012-03-24 21:47:24',0),(51,22,'Your profile is view by <a href=\"http://udana.info/profile?id=29\" traget=\"_blank\">Tania</a>','2012-03-24 21:58:31',0),(52,24,'Your profile is view by <a href=\"http://udana.info/profile?id=29\" traget=\"_blank\">Tania</a>','2012-03-24 21:59:01',0),(53,24,'Your profile is view by <a href=\"http://www.udana.info/profile?id=\" traget=\"_blank\"></a>','2012-03-26 13:13:03',0),(54,21,'Your profile is view by <a href=\"http://www.udana.info/profile?id=\" traget=\"_blank\"></a>','2012-03-26 13:13:34',0),(55,25,'Your profile is view by <a href=\"http://udana.info/profile?id=\" traget=\"_blank\"></a>','2012-03-28 01:06:28',0),(56,25,'Your profile is view by <a href=\"http://www.udana.info/profile?id=\" traget=\"_blank\"></a>','2012-03-29 19:24:00',0),(57,19,'Your profile is view by <a href=\"http://udana.info/profile?id=16\" traget=\"_blank\">udana</a>','2012-04-02 01:33:05',0),(58,19,'You have revieved <a href=\"http://udana.info/flirter/view/40/action/inbox\" traget=\"_blank\">flirter from udana</a>','2012-04-02 01:35:00',0),(59,19,'You have revieved <a href=\"http://udana.info/flirter/view/41/action/inbox\" traget=\"_blank\">flirter from udana</a>','2012-04-02 01:36:59',0),(60,19,'You have revieved <a href=\"http://udana.info/flirter/view/42/action/inbox\" traget=\"_blank\">flirter from udana</a>','2012-04-02 01:39:06',0),(61,19,'You have revieved <a href=\"http://udana.info/flirter/view/43/action/inbox\" traget=\"_blank\">flirter from udana</a>','2012-04-02 01:41:19',0),(62,19,'You have revieved <a href=\"http://udana.info/flirter/view/44/action/inbox\" traget=\"_blank\">flirter from udana</a>','2012-04-02 01:41:21',0),(63,19,'You have revieved <a href=\"http://udana.info/flirter/view/45/action/inbox\" traget=\"_blank\">flirter from udana</a>','2012-04-02 01:44:20',0),(64,19,'Your profile is view by <a href=\"http://udana.info/profile?id=16\" traget=\"_blank\">udana</a>','2012-04-02 01:44:27',0),(65,19,'You have revieved <a href=\"http://udana.info/flirter/view/46/action/inbox\" traget=\"_blank\">flirter from udana</a>','2012-04-02 01:44:35',0),(66,19,'You have revieved <a href=\"http://udana.info/flirter/view/47/action/inbox\" traget=\"_blank\">flirter from udana</a>','2012-04-02 01:45:25',0),(67,19,'You have revieved <a href=\"http://udana.info/flirter/view/48/action/inbox\" traget=\"_blank\">flirter from udana</a>','2012-04-02 01:50:42',0),(68,19,'You have revieved <a href=\"http://udana.info/flirter/view/49/action/inbox\" traget=\"_blank\">flirter from udana</a>','2012-04-02 01:55:11',0),(69,19,'You have revieved <a href=\"http://udana.info/flirter/view/50/action/inbox\" traget=\"_blank\">flirter from udana</a>','2012-04-02 01:56:47',0),(70,19,'Your profile is view by <a href=\"http://udana.info/profile?id=16\" traget=\"_blank\">udana</a>','2012-04-02 01:56:47',0),(71,19,'You have revieved <a href=\"http://udana.info/flirter/view/51/action/inbox\" traget=\"_blank\">flirter from udana</a>','2012-04-02 01:58:56',0),(72,19,'You have revieved <a href=\"http://udana.info/flirter/view/52/action/inbox\" traget=\"_blank\">flirter from udana</a>','2012-04-02 02:08:03',0),(73,19,'Your profile is view by <a href=\"http://udana.info/profile?id=16\" traget=\"_blank\">udana</a>','2012-04-02 02:08:03',0),(74,18,'Your profile is view by <a href=\"http://udana.info/profile?id=16\" traget=\"_blank\">udana</a>','2012-04-02 02:26:32',0),(75,18,'You have recieved <a href=\"http://udana.info/message/view/50/action/inbox\" traget=\"_blank\">message from udana</a>','2012-04-02 02:26:38',0),(76,27,'Your profile is view by <a href=\"http://udana.info/profile?id=16\" traget=\"_blank\">udana</a>','2012-04-02 02:26:39',0),(77,27,'You have revieved <a href=\"http://udana.info/flirter/view/53/action/inbox\" traget=\"_blank\">flirter from udana</a>','2012-04-02 02:26:44',0),(78,19,'Your profile is view by <a href=\"http://udana.info/profile?id=\" traget=\"_blank\"></a>','2012-04-02 02:27:03',0),(79,36,'Your profile is view by <a href=\"http://udana.info/profile?id=\" traget=\"_blank\"></a>','2012-04-02 02:27:13',0),(80,29,'Your profile is view by <a href=\"http://udana.info/profile?id=16\" traget=\"_blank\">udana</a>','2012-04-02 02:30:06',0),(81,29,'You have revieved <a href=\"http://udana.info/flirter/view/54/action/inbox\" traget=\"_blank\">flirter from udana</a>','2012-04-02 02:30:17',0),(82,18,'You have revieved <a href=\"http://udana.info/flirter/view/55/action/inbox\" traget=\"_blank\">flirter from udana</a>','2012-04-02 02:35:27',0),(83,18,'Your profile is view by <a href=\"http://udana.info/profile?id=\" traget=\"_blank\"></a>','2012-04-02 02:41:44',0),(84,0,'Your profile is view by <a href=\"http://www.udana.info/profile?id=\" traget=\"_blank\"></a>','2012-04-02 10:40:00',0),(85,33,'Your profile is view by <a href=\"http://www.udana.info/profile?id=\" traget=\"_blank\"></a>','2012-04-02 19:54:21',0),(86,44,'Your profile is view by <a href=\"http://www.udana.info/profile?id=\" traget=\"_blank\"></a>','2012-04-02 20:32:14',0),(87,45,'Your profile is view by <a href=\"http://www.udana.info/profile?id=\" traget=\"_blank\"></a>','2012-04-02 21:23:25',0),(88,46,'Your profile is view by <a href=\"http://www.udana.info/profile?id=\" traget=\"_blank\"></a>','2012-04-02 21:49:08',0),(89,47,'Your profile is view by <a href=\"http://www.udana.info/profile?id=\" traget=\"_blank\"></a>','2012-04-02 23:28:02',0),(90,48,'Your profile is view by <a href=\"http://www.udana.info/profile?id=\" traget=\"_blank\"></a>','2012-04-03 00:50:56',0),(91,49,'Your profile is view by <a href=\"http://www.udana.info/profile?id=\" traget=\"_blank\"></a>','2012-04-03 03:29:59',0),(92,50,'Your profile is view by <a href=\"http://www.udana.info/profile?id=\" traget=\"_blank\"></a>','2012-04-03 05:52:41',0),(93,51,'Your profile is view by <a href=\"http://www.udana.info/profile?id=\" traget=\"_blank\"></a>','2012-04-03 06:15:01',0),(94,52,'Your profile is view by <a href=\"http://www.udana.info/profile?id=\" traget=\"_blank\"></a>','2012-04-03 08:09:24',0),(95,53,'Your profile is view by <a href=\"http://www.udana.info/profile?id=\" traget=\"_blank\"></a>','2012-04-03 12:29:54',0),(96,54,'Your profile is view by <a href=\"http://www.udana.info/profile?id=\" traget=\"_blank\"></a>','2012-04-03 13:58:11',0),(97,55,'Your profile is view by <a href=\"http://www.udana.info/profile?id=\" traget=\"_blank\"></a>','2012-04-03 15:10:31',0),(98,56,'Your profile is view by <a href=\"http://www.udana.info/profile?id=\" traget=\"_blank\"></a>','2012-04-03 15:54:13',0),(99,57,'Your profile is view by <a href=\"http://www.udana.info/profile?id=\" traget=\"_blank\"></a>','2012-04-03 16:29:35',0),(100,58,'Your profile is view by <a href=\"http://www.udana.info/profile?id=\" traget=\"_blank\"></a>','2012-04-03 17:17:47',0),(101,59,'Your profile is view by <a href=\"http://www.udana.info/profile?id=\" traget=\"_blank\"></a>','2012-04-03 18:38:16',0),(102,60,'Your profile is view by <a href=\"http://www.udana.info/profile?id=\" traget=\"_blank\"></a>','2012-04-03 19:36:42',0),(103,61,'Your profile is view by <a href=\"http://www.udana.info/profile?id=\" traget=\"_blank\"></a>','2012-04-03 20:23:10',0),(104,62,'Your profile is view by <a href=\"http://www.udana.info/profile?id=\" traget=\"_blank\"></a>','2012-04-03 21:06:42',0),(105,63,'Your profile is view by <a href=\"http://www.udana.info/profile?id=\" traget=\"_blank\"></a>','2012-04-04 00:47:05',0),(106,64,'Your profile is view by <a href=\"http://www.udana.info/profile?id=\" traget=\"_blank\"></a>','2012-04-04 01:08:39',0),(107,65,'Your profile is view by <a href=\"http://www.udana.info/profile?id=\" traget=\"_blank\"></a>','2012-04-04 01:32:28',0),(108,66,'Your profile is view by <a href=\"http://www.udana.info/profile?id=\" traget=\"_blank\"></a>','2012-04-04 02:06:05',0),(109,29,'Your profile is view by <a href=\"http://udana.info/profile?id=\" traget=\"_blank\"></a>','2012-04-04 02:35:11',0),(110,67,'Your profile is view by <a href=\"http://www.udana.info/profile?id=\" traget=\"_blank\"></a>','2012-04-04 05:06:15',0),(111,68,'Your profile is view by <a href=\"http://www.udana.info/profile?id=\" traget=\"_blank\"></a>','2012-04-04 05:52:33',0),(112,69,'Your profile is view by <a href=\"http://www.udana.info/profile?id=\" traget=\"_blank\"></a>','2012-04-04 07:02:52',0),(113,70,'Your profile is view by <a href=\"http://www.udana.info/profile?id=\" traget=\"_blank\"></a>','2012-04-04 15:49:25',0),(114,71,'Your profile is view by <a href=\"http://www.udana.info/profile?id=\" traget=\"_blank\"></a>','2012-04-04 17:19:00',0),(115,72,'Your profile is view by <a href=\"http://www.udana.info/profile?id=\" traget=\"_blank\"></a>','2012-04-04 17:52:06',0),(116,73,'Your profile is view by <a href=\"http://www.udana.info/profile?id=\" traget=\"_blank\"></a>','2012-04-04 19:23:52',0),(117,74,'Your profile is view by <a href=\"http://www.udana.info/profile?id=\" traget=\"_blank\"></a>','2012-04-04 20:21:07',0),(118,75,'Your profile is view by <a href=\"http://www.udana.info/profile?id=\" traget=\"_blank\"></a>','2012-04-04 22:26:33',0),(119,76,'Your profile is view by <a href=\"http://www.udana.info/profile?id=\" traget=\"_blank\"></a>','2012-04-04 23:24:29',0),(120,77,'Your profile is view by <a href=\"http://www.udana.info/profile?id=\" traget=\"_blank\"></a>','2012-04-05 00:04:23',0),(121,78,'Your profile is view by <a href=\"http://www.udana.info/profile?id=\" traget=\"_blank\"></a>','2012-04-05 00:59:48',0),(122,79,'Your profile is view by <a href=\"http://www.udana.info/profile?id=\" traget=\"_blank\"></a>','2012-04-05 22:46:23',0),(123,80,'Your profile is view by <a href=\"http://www.udana.info/profile?id=\" traget=\"_blank\"></a>','2012-04-05 23:12:32',0),(124,81,'Your profile is view by <a href=\"http://www.udana.info/profile?id=\" traget=\"_blank\"></a>','2012-04-06 00:16:45',0),(125,82,'Your profile is view by <a href=\"http://www.udana.info/profile?id=\" traget=\"_blank\"></a>','2012-04-06 02:50:46',0),(126,83,'Your profile is view by <a href=\"http://www.udana.info/profile?id=\" traget=\"_blank\"></a>','2012-04-06 04:55:26',0),(127,84,'Your profile is view by <a href=\"http://www.udana.info/profile?id=\" traget=\"_blank\"></a>','2012-04-06 07:20:47',0),(128,85,'Your profile is view by <a href=\"http://www.udana.info/profile?id=\" traget=\"_blank\"></a>','2012-04-06 08:10:59',0),(129,86,'Your profile is view by <a href=\"http://www.udana.info/profile?id=\" traget=\"_blank\"></a>','2012-04-06 18:30:49',0),(130,87,'Your profile is view by <a href=\"http://www.udana.info/profile?id=\" traget=\"_blank\"></a>','2012-04-06 19:02:40',0),(131,88,'Your profile is view by <a href=\"http://www.udana.info/profile?id=\" traget=\"_blank\"></a>','2012-04-06 19:33:46',0),(132,89,'Your profile is view by <a href=\"http://www.udana.info/profile?id=\" traget=\"_blank\"></a>','2012-04-06 21:27:29',0),(133,90,'Your profile is view by <a href=\"http://www.udana.info/profile?id=\" traget=\"_blank\"></a>','2012-04-06 22:20:17',0),(134,91,'Your profile is view by <a href=\"http://www.udana.info/profile?id=\" traget=\"_blank\"></a>','2012-04-07 00:00:17',0),(135,92,'Your profile is view by <a href=\"http://www.udana.info/profile?id=\" traget=\"_blank\"></a>','2012-04-07 00:50:46',0),(136,93,'Your profile is view by <a href=\"http://www.udana.info/profile?id=\" traget=\"_blank\"></a>','2012-04-07 01:38:18',0),(137,94,'Your profile is view by <a href=\"http://www.udana.info/profile?id=\" traget=\"_blank\"></a>','2012-04-07 03:20:38',0),(138,95,'Your profile is view by <a href=\"http://www.udana.info/profile?id=\" traget=\"_blank\"></a>','2012-04-07 04:48:03',0),(139,96,'Your profile is view by <a href=\"http://www.udana.info/profile?id=\" traget=\"_blank\"></a>','2012-04-07 05:19:30',0),(140,29,'Your profile is view by <a href=\"http://www.udana.info/profile?id=\" traget=\"_blank\"></a>','2012-04-07 06:15:07',0),(141,97,'Your profile is view by <a href=\"http://www.udana.info/profile?id=\" traget=\"_blank\"></a>','2012-04-07 06:19:16',0),(142,98,'Your profile is view by <a href=\"http://www.udana.info/profile?id=\" traget=\"_blank\"></a>','2012-04-07 07:24:26',0),(143,99,'Your profile is view by <a href=\"http://www.udana.info/profile?id=\" traget=\"_blank\"></a>','2012-04-07 07:56:50',0),(144,100,'Your profile is view by <a href=\"http://www.udana.info/profile?id=\" traget=\"_blank\"></a>','2012-04-07 08:31:20',0),(145,101,'Your profile is view by <a href=\"http://www.udana.info/profile?id=\" traget=\"_blank\"></a>','2012-04-07 09:11:05',0),(146,102,'Your profile is view by <a href=\"http://www.udana.info/profile?id=\" traget=\"_blank\"></a>','2012-04-07 09:47:43',0),(147,103,'Your profile is view by <a href=\"http://www.udana.info/profile?id=\" traget=\"_blank\"></a>','2012-04-07 10:49:05',0),(148,104,'Your profile is view by <a href=\"http://www.udana.info/profile?id=\" traget=\"_blank\"></a>','2012-04-07 11:18:22',0),(149,105,'Your profile is view by <a href=\"http://www.udana.info/profile?id=\" traget=\"_blank\"></a>','2012-04-07 11:56:56',0),(150,106,'Your profile is view by <a href=\"http://www.udana.info/profile?id=\" traget=\"_blank\"></a>','2012-04-07 13:01:50',0),(151,107,'Your profile is view by <a href=\"http://www.udana.info/profile?id=\" traget=\"_blank\"></a>','2012-04-07 13:20:59',0),(152,108,'Your profile is view by <a href=\"http://www.udana.info/profile?id=\" traget=\"_blank\"></a>','2012-04-07 13:56:49',0),(153,109,'Your profile is view by <a href=\"http://www.udana.info/profile?id=\" traget=\"_blank\"></a>','2012-04-07 14:49:46',0),(154,110,'Your profile is view by <a href=\"http://www.udana.info/profile?id=\" traget=\"_blank\"></a>','2012-04-07 15:29:37',0),(155,111,'Your profile is view by <a href=\"http://www.udana.info/profile?id=\" traget=\"_blank\"></a>','2012-04-07 16:02:21',0),(156,112,'Your profile is view by <a href=\"http://www.udana.info/profile?id=\" traget=\"_blank\"></a>','2012-04-07 16:56:26',0),(157,113,'Your profile is view by <a href=\"http://www.udana.info/profile?id=\" traget=\"_blank\"></a>','2012-04-07 17:22:13',0),(158,114,'Your profile is view by <a href=\"http://www.udana.info/profile?id=\" traget=\"_blank\"></a>','2012-04-07 19:36:37',0),(159,115,'Your profile is view by <a href=\"http://www.udana.info/profile?id=\" traget=\"_blank\"></a>','2012-04-07 22:47:49',0),(160,116,'Your profile is view by <a href=\"http://www.udana.info/profile?id=\" traget=\"_blank\"></a>','2012-04-08 03:40:22',0),(161,117,'Your profile is view by <a href=\"http://www.udana.info/profile?id=\" traget=\"_blank\"></a>','2012-04-08 04:58:40',0),(162,118,'Your profile is view by <a href=\"http://www.udana.info/profile?id=\" traget=\"_blank\"></a>','2012-04-08 07:02:21',0),(163,119,'Your profile is view by <a href=\"http://www.udana.info/profile?id=\" traget=\"_blank\"></a>','2012-04-08 08:57:34',0),(164,120,'Your profile is view by <a href=\"http://www.udana.info/profile?id=\" traget=\"_blank\"></a>','2012-04-08 13:23:58',0),(165,38,'Your profile is view by <a href=\"http://www.udana.info/profile?id=\" traget=\"_blank\"></a>','2012-04-08 23:09:52',0),(166,122,'Your profile is view by <a href=\"http://www.udana.info/profile?id=\" traget=\"_blank\"></a>','2012-04-09 15:16:52',0),(167,123,'Your profile is view by <a href=\"http://www.udana.info/profile?id=\" traget=\"_blank\"></a>','2012-04-09 18:22:37',0),(168,124,'Your profile is view by <a href=\"http://www.udana.info/profile?id=\" traget=\"_blank\"></a>','2012-04-09 22:44:06',0),(169,19,'Your profile is view by <a href=\"http://www.udana.info/profile?id=\" traget=\"_blank\"></a>','2012-04-10 02:16:27',0),(170,125,'Your profile is view by <a href=\"http://www.udana.info/profile?id=\" traget=\"_blank\"></a>','2012-04-10 03:58:44',0),(171,126,'Your profile is view by <a href=\"http://www.udana.info/profile?id=\" traget=\"_blank\"></a>','2012-04-10 05:48:21',0),(172,127,'Your profile is view by <a href=\"http://www.udana.info/profile?id=\" traget=\"_blank\"></a>','2012-04-10 08:35:38',0),(173,128,'Your profile is view by <a href=\"http://www.udana.info/profile?id=\" traget=\"_blank\"></a>','2012-04-10 12:06:16',0),(174,129,'Your profile is view by <a href=\"http://www.udana.info/profile?id=\" traget=\"_blank\"></a>','2012-04-10 15:03:24',0),(175,18,'Your profile is view by <a href=\"http://www.udana.info/profile?id=\" traget=\"_blank\"></a>','2012-04-10 15:28:17',0),(176,130,'Your profile is view by <a href=\"http://www.udana.info/profile?id=\" traget=\"_blank\"></a>','2012-04-10 17:03:40',0),(177,131,'Your profile is view by <a href=\"http://www.udana.info/profile?id=\" traget=\"_blank\"></a>','2012-04-10 19:31:37',0),(178,132,'Your profile is view by <a href=\"http://www.udana.info/profile?id=\" traget=\"_blank\"></a>','2012-04-10 21:49:40',0),(179,133,'Your profile is view by <a href=\"http://www.udana.info/profile?id=\" traget=\"_blank\"></a>','2012-04-10 22:50:02',0),(180,134,'Your profile is view by <a href=\"http://www.udana.info/profile?id=\" traget=\"_blank\"></a>','2012-04-11 00:43:57',0),(181,135,'Your profile is view by <a href=\"http://www.udana.info/profile?id=\" traget=\"_blank\"></a>','2012-04-11 06:24:02',0),(182,121,'Your profile is view by <a href=\"http://www.udana.info/profile?id=\" traget=\"_blank\"></a>','2012-04-11 07:35:20',0),(183,136,'Your profile is view by <a href=\"http://www.udana.info/profile?id=\" traget=\"_blank\"></a>','2012-04-11 08:39:04',0),(184,138,'Your profile is view by <a href=\"http://www.udana.info/profile?id=\" traget=\"_blank\"></a>','2012-04-11 11:13:44',0),(185,137,'Your profile is view by <a href=\"http://www.udana.info/profile?id=\" traget=\"_blank\"></a>','2012-04-11 12:39:27',0),(186,139,'Your profile is view by <a href=\"http://www.udana.info/profile?id=\" traget=\"_blank\"></a>','2012-04-11 13:20:53',0),(187,140,'Your profile is view by <a href=\"http://www.udana.info/profile?id=\" traget=\"_blank\"></a>','2012-04-11 14:17:32',0),(188,141,'Your profile is view by <a href=\"http://www.udana.info/profile?id=\" traget=\"_blank\"></a>','2012-04-11 14:58:20',0),(189,143,'Your profile is view by <a href=\"http://www.udana.info/profile?id=\" traget=\"_blank\"></a>','2012-04-11 16:10:53',0),(190,142,'Your profile is view by <a href=\"http://www.udana.info/profile?id=\" traget=\"_blank\"></a>','2012-04-11 16:16:21',0),(191,144,'Your profile is view by <a href=\"http://www.udana.info/profile?id=\" traget=\"_blank\"></a>','2012-04-11 18:44:26',0),(192,145,'Your profile is view by <a href=\"http://www.udana.info/profile?id=\" traget=\"_blank\"></a>','2012-04-11 18:47:25',0),(193,146,'Your profile is view by <a href=\"http://www.udana.info/profile?id=\" traget=\"_blank\"></a>','2012-04-11 20:20:12',0),(194,147,'Your profile is view by <a href=\"http://www.udana.info/profile?id=\" traget=\"_blank\"></a>','2012-04-11 20:24:51',0),(195,148,'Your profile is view by <a href=\"http://www.udana.info/profile?id=\" traget=\"_blank\"></a>','2012-04-11 22:15:34',0),(196,149,'Your profile is view by <a href=\"http://www.udana.info/profile?id=\" traget=\"_blank\"></a>','2012-04-11 22:24:38',0),(197,12,'Your profile is view by <a href=\"http://www.udana.info/profile?id=\" traget=\"_blank\"></a>','2012-04-11 23:06:56',0),(198,150,'Your profile is view by <a href=\"http://www.udana.info/profile?id=\" traget=\"_blank\"></a>','2012-04-11 23:14:55',0),(199,151,'Your profile is view by <a href=\"http://www.udana.info/profile?id=\" traget=\"_blank\"></a>','2012-04-11 23:36:49',0),(200,152,'Your profile is view by <a href=\"http://www.udana.info/profile?id=\" traget=\"_blank\"></a>','2012-04-12 00:11:54',0),(201,153,'Your profile is view by <a href=\"http://www.udana.info/profile?id=\" traget=\"_blank\"></a>','2012-04-12 01:08:15',0),(202,154,'Your profile is view by <a href=\"http://www.udana.info/profile?id=\" traget=\"_blank\"></a>','2012-04-12 02:05:30',0),(203,155,'Your profile is view by <a href=\"http://www.udana.info/profile?id=\" traget=\"_blank\"></a>','2012-04-12 02:36:28',0),(204,156,'Your profile is view by <a href=\"http://www.udana.info/profile?id=\" traget=\"_blank\"></a>','2012-04-12 03:25:28',0),(205,157,'Your profile is view by <a href=\"http://www.udana.info/profile?id=\" traget=\"_blank\"></a>','2012-04-12 03:58:12',0),(206,158,'Your profile is view by <a href=\"http://www.udana.info/profile?id=\" traget=\"_blank\"></a>','2012-04-12 04:12:53',0),(207,159,'Your profile is view by <a href=\"http://www.udana.info/profile?id=\" traget=\"_blank\"></a>','2012-04-12 04:59:19',0),(208,160,'Your profile is view by <a href=\"http://www.udana.info/profile?id=\" traget=\"_blank\"></a>','2012-04-12 05:10:52',0),(209,162,'Your profile is view by <a href=\"http://www.udana.info/profile?id=\" traget=\"_blank\"></a>','2012-04-12 05:51:59',0),(210,161,'Your profile is view by <a href=\"http://www.udana.info/profile?id=\" traget=\"_blank\"></a>','2012-04-12 06:03:13',0),(211,163,'Your profile is view by <a href=\"http://www.udana.info/profile?id=\" traget=\"_blank\"></a>','2012-04-12 07:04:50',0),(212,164,'Your profile is view by <a href=\"http://www.udana.info/profile?id=\" traget=\"_blank\"></a>','2012-04-12 07:37:23',0),(213,165,'Your profile is view by <a href=\"http://www.udana.info/profile?id=\" traget=\"_blank\"></a>','2012-04-12 07:57:18',0),(214,166,'Your profile is view by <a href=\"http://www.udana.info/profile?id=\" traget=\"_blank\"></a>','2012-04-12 08:45:17',0),(215,167,'Your profile is view by <a href=\"http://www.udana.info/profile?id=\" traget=\"_blank\"></a>','2012-04-12 10:36:16',0),(216,168,'Your profile is view by <a href=\"http://www.udana.info/profile?id=\" traget=\"_blank\"></a>','2012-04-12 10:47:12',0),(217,169,'Your profile is view by <a href=\"http://www.udana.info/profile?id=\" traget=\"_blank\"></a>','2012-04-12 11:46:56',0),(218,170,'Your profile is view by <a href=\"http://www.udana.info/profile?id=\" traget=\"_blank\"></a>','2012-04-12 12:19:30',0),(219,171,'Your profile is view by <a href=\"http://www.udana.info/profile?id=\" traget=\"_blank\"></a>','2012-04-12 12:41:04',0),(220,172,'Your profile is view by <a href=\"http://www.udana.info/profile?id=\" traget=\"_blank\"></a>','2012-04-12 13:17:41',0),(221,173,'Your profile is view by <a href=\"http://www.udana.info/profile?id=\" traget=\"_blank\"></a>','2012-04-12 13:42:58',0),(222,175,'Your profile is view by <a href=\"http://www.udana.info/profile?id=\" traget=\"_blank\"></a>','2012-04-12 14:33:22',0),(223,174,'Your profile is view by <a href=\"http://www.udana.info/profile?id=\" traget=\"_blank\"></a>','2012-04-12 14:53:38',0),(224,176,'Your profile is view by <a href=\"http://www.udana.info/profile?id=\" traget=\"_blank\"></a>','2012-04-12 15:33:18',0),(225,177,'Your profile is view by <a href=\"http://www.udana.info/profile?id=\" traget=\"_blank\"></a>','2012-04-12 15:45:44',0),(226,178,'Your profile is view by <a href=\"http://www.udana.info/profile?id=\" traget=\"_blank\"></a>','2012-04-12 19:14:29',0),(227,179,'Your profile is view by <a href=\"http://www.udana.info/profile?id=\" traget=\"_blank\"></a>','2012-04-12 19:15:23',0),(228,180,'Your profile is view by <a href=\"http://www.udana.info/profile?id=\" traget=\"_blank\"></a>','2012-04-12 20:19:15',0),(229,181,'Your profile is view by <a href=\"http://www.udana.info/profile?id=\" traget=\"_blank\"></a>','2012-04-12 21:14:01',0),(230,182,'Your profile is view by <a href=\"http://www.udana.info/profile?id=\" traget=\"_blank\"></a>','2012-04-13 01:01:37',0),(231,183,'Your profile is view by <a href=\"http://www.udana.info/profile?id=\" traget=\"_blank\"></a>','2012-04-13 01:18:21',0),(232,184,'Your profile is view by <a href=\"http://www.udana.info/profile?id=\" traget=\"_blank\"></a>','2012-04-13 02:20:11',0),(233,186,'Your profile is view by <a href=\"http://www.udana.info/profile?id=\" traget=\"_blank\"></a>','2012-04-13 03:48:24',0),(234,185,'Your profile is view by <a href=\"http://www.udana.info/profile?id=\" traget=\"_blank\"></a>','2012-04-13 04:05:04',0),(235,187,'Your profile is view by <a href=\"http://www.udana.info/profile?id=\" traget=\"_blank\"></a>','2012-04-13 04:49:44',0),(236,188,'Your profile is view by <a href=\"http://www.udana.info/profile?id=\" traget=\"_blank\"></a>','2012-04-13 05:04:37',0),(237,189,'Your profile is view by <a href=\"http://www.udana.info/profile?id=\" traget=\"_blank\"></a>','2012-04-13 20:28:00',0),(238,190,'Your profile is view by <a href=\"http://www.udana.info/profile?id=\" traget=\"_blank\"></a>','2012-04-13 20:29:26',0),(239,191,'Your profile is view by <a href=\"http://www.udana.info/profile?id=\" traget=\"_blank\"></a>','2012-04-13 23:39:24',0),(240,192,'Your profile is view by <a href=\"http://www.udana.info/profile?id=\" traget=\"_blank\"></a>','2012-04-13 23:43:10',0),(241,193,'Your profile is view by <a href=\"http://www.udana.info/profile?id=\" traget=\"_blank\"></a>','2012-04-14 02:34:48',0),(242,194,'Your profile is view by <a href=\"http://www.udana.info/profile?id=\" traget=\"_blank\"></a>','2012-04-14 02:59:21',0),(243,195,'Your profile is view by <a href=\"http://www.udana.info/profile?id=\" traget=\"_blank\"></a>','2012-04-14 05:19:35',0),(244,196,'Your profile is view by <a href=\"http://www.udana.info/profile?id=\" traget=\"_blank\"></a>','2012-04-14 05:19:50',0),(245,197,'Your profile is view by <a href=\"http://www.udana.info/profile?id=\" traget=\"_blank\"></a>','2012-04-14 05:59:06',0),(246,198,'Your profile is view by <a href=\"http://www.udana.info/profile?id=\" traget=\"_blank\"></a>','2012-04-14 06:25:51',0),(247,199,'Your profile is view by <a href=\"http://www.udana.info/profile?id=\" traget=\"_blank\"></a>','2012-04-14 06:41:07',0),(248,200,'Your profile is view by <a href=\"http://www.udana.info/profile?id=\" traget=\"_blank\"></a>','2012-04-14 07:15:14',0),(249,201,'Your profile is view by <a href=\"http://www.udana.info/profile?id=\" traget=\"_blank\"></a>','2012-04-14 07:44:02',0),(250,202,'Your profile is view by <a href=\"http://www.udana.info/profile?id=\" traget=\"_blank\"></a>','2012-04-14 08:09:01',0),(251,203,'Your profile is view by <a href=\"http://www.udana.info/profile?id=\" traget=\"_blank\"></a>','2012-04-14 08:46:26',0),(252,204,'Your profile is view by <a href=\"http://www.udana.info/profile?id=\" traget=\"_blank\"></a>','2012-04-14 09:25:06',0),(253,205,'Your profile is view by <a href=\"http://www.udana.info/profile?id=\" traget=\"_blank\"></a>','2012-04-14 09:42:22',0),(254,206,'Your profile is view by <a href=\"http://www.udana.info/profile?id=\" traget=\"_blank\"></a>','2012-04-14 10:01:45',0),(255,207,'Your profile is view by <a href=\"http://www.udana.info/profile?id=\" traget=\"_blank\"></a>','2012-04-14 10:54:14',0),(256,208,'Your profile is view by <a href=\"http://www.udana.info/profile?id=\" traget=\"_blank\"></a>','2012-04-14 11:13:27',0),(257,209,'Your profile is view by <a href=\"http://www.udana.info/profile?id=\" traget=\"_blank\"></a>','2012-04-14 12:01:54',0),(258,211,'Your profile is view by <a href=\"http://www.udana.info/profile?id=\" traget=\"_blank\"></a>','2012-04-14 15:56:20',0),(259,210,'Your profile is view by <a href=\"http://www.udana.info/profile?id=\" traget=\"_blank\"></a>','2012-04-14 16:01:07',0),(260,212,'Your profile is view by <a href=\"http://www.udana.info/profile?id=\" traget=\"_blank\"></a>','2012-04-14 17:44:39',0),(261,213,'Your profile is view by <a href=\"http://www.udana.info/profile?id=\" traget=\"_blank\"></a>','2012-04-14 17:51:07',0),(262,214,'Your profile is view by <a href=\"http://www.udana.info/profile?id=\" traget=\"_blank\"></a>','2012-04-14 20:36:09',0),(263,215,'Your profile is view by <a href=\"http://www.udana.info/profile?id=\" traget=\"_blank\"></a>','2012-04-14 20:45:46',0),(264,216,'Your profile is view by <a href=\"http://www.udana.info/profile?id=\" traget=\"_blank\"></a>','2012-04-14 22:26:37',0),(265,217,'Your profile is view by <a href=\"http://www.udana.info/profile?id=\" traget=\"_blank\"></a>','2012-04-14 22:29:47',0),(266,218,'Your profile is view by <a href=\"http://www.udana.info/profile?id=\" traget=\"_blank\"></a>','2012-04-14 23:40:03',0),(267,219,'Your profile is view by <a href=\"http://www.udana.info/profile?id=\" traget=\"_blank\"></a>','2012-04-14 23:49:09',0),(268,220,'Your profile is view by <a href=\"http://www.udana.info/profile?id=\" traget=\"_blank\"></a>','2012-04-15 00:51:46',0),(269,221,'Your profile is view by <a href=\"http://www.udana.info/profile?id=\" traget=\"_blank\"></a>','2012-04-15 01:07:22',0),(270,222,'Your profile is view by <a href=\"http://www.udana.info/profile?id=\" traget=\"_blank\"></a>','2012-04-15 01:56:12',0),(271,223,'Your profile is view by <a href=\"http://www.udana.info/profile?id=\" traget=\"_blank\"></a>','2012-04-15 02:25:33',0),(272,224,'Your profile is view by <a href=\"http://www.udana.info/profile?id=\" traget=\"_blank\"></a>','2012-04-15 02:39:13',0),(273,226,'Your profile is view by <a href=\"http://www.udana.info/profile?id=\" traget=\"_blank\"></a>','2012-04-15 03:20:38',0),(274,225,'Your profile is view by <a href=\"http://www.udana.info/profile?id=\" traget=\"_blank\"></a>','2012-04-15 03:31:13',0),(275,227,'Your profile is view by <a href=\"http://www.udana.info/profile?id=\" traget=\"_blank\"></a>','2012-04-15 04:29:12',0),(276,228,'Your profile is view by <a href=\"http://www.udana.info/profile?id=\" traget=\"_blank\"></a>','2012-04-15 04:41:56',0),(277,229,'Your profile is view by <a href=\"http://www.udana.info/profile?id=\" traget=\"_blank\"></a>','2012-04-15 06:04:16',0),(278,230,'Your profile is view by <a href=\"http://www.udana.info/profile?id=\" traget=\"_blank\"></a>','2012-04-15 06:05:08',0),(279,231,'Your profile is view by <a href=\"http://www.udana.info/profile?id=\" traget=\"_blank\"></a>','2012-04-15 06:51:20',0),(280,232,'Your profile is view by <a href=\"http://www.udana.info/profile?id=\" traget=\"_blank\"></a>','2012-04-15 06:59:13',0),(281,233,'Your profile is view by <a href=\"http://www.udana.info/profile?id=\" traget=\"_blank\"></a>','2012-04-15 08:03:30',0),(282,234,'Your profile is view by <a href=\"http://www.udana.info/profile?id=\" traget=\"_blank\"></a>','2012-04-15 08:17:27',0),(283,235,'Your profile is view by <a href=\"http://www.udana.info/profile?id=\" traget=\"_blank\"></a>','2012-04-15 09:18:06',0),(284,236,'Your profile is view by <a href=\"http://www.udana.info/profile?id=\" traget=\"_blank\"></a>','2012-04-15 09:26:44',0),(285,237,'Your profile is view by <a href=\"http://www.udana.info/profile?id=\" traget=\"_blank\"></a>','2012-04-15 10:14:52',0),(286,238,'Your profile is view by <a href=\"http://www.udana.info/profile?id=\" traget=\"_blank\"></a>','2012-04-15 11:08:00',0),(287,239,'Your profile is view by <a href=\"http://www.udana.info/profile?id=\" traget=\"_blank\"></a>','2012-04-15 11:40:31',0),(288,241,'Your profile is view by <a href=\"http://www.udana.info/profile?id=\" traget=\"_blank\"></a>','2012-04-15 12:45:46',0),(289,242,'Your profile is view by <a href=\"http://www.udana.info/profile?id=\" traget=\"_blank\"></a>','2012-04-15 21:01:31',0),(290,240,'Your profile is view by <a href=\"http://www.udana.info/profile?id=\" traget=\"_blank\"></a>','2012-04-15 21:39:55',0),(291,243,'Your profile is view by <a href=\"http://www.udana.info/profile?id=\" traget=\"_blank\"></a>','2012-04-16 01:24:33',0),(292,244,'Your profile is view by <a href=\"http://www.udana.info/profile?id=\" traget=\"_blank\"></a>','2012-04-16 01:32:23',0),(293,245,'Your profile is view by <a href=\"http://www.udana.info/profile?id=\" traget=\"_blank\"></a>','2012-04-16 02:51:41',0),(294,246,'Your profile is view by <a href=\"http://www.udana.info/profile?id=\" traget=\"_blank\"></a>','2012-04-16 03:16:35',0),(295,247,'Your profile is view by <a href=\"http://www.udana.info/profile?id=\" traget=\"_blank\"></a>','2012-04-16 03:37:19',0),(296,249,'Your profile is view by <a href=\"http://www.udana.info/profile?id=\" traget=\"_blank\"></a>','2012-04-16 04:59:04',0),(297,248,'Your profile is view by <a href=\"http://www.udana.info/profile?id=\" traget=\"_blank\"></a>','2012-04-16 05:26:52',0),(298,250,'Your profile is view by <a href=\"http://www.udana.info/profile?id=\" traget=\"_blank\"></a>','2012-04-16 06:04:41',0),(299,251,'Your profile is view by <a href=\"http://www.udana.info/profile?id=\" traget=\"_blank\"></a>','2012-04-16 06:35:22',0),(300,252,'Your profile is view by <a href=\"http://www.udana.info/profile?id=\" traget=\"_blank\"></a>','2012-04-16 07:49:54',0),(301,254,'Your profile is view by <a href=\"http://www.udana.info/profile?id=\" traget=\"_blank\"></a>','2012-04-16 08:56:34',0),(302,253,'Your profile is view by <a href=\"http://www.udana.info/profile?id=\" traget=\"_blank\"></a>','2012-04-16 09:38:49',0),(303,255,'Your profile is view by <a href=\"http://www.udana.info/profile?id=\" traget=\"_blank\"></a>','2012-04-16 10:05:34',0),(304,256,'Your profile is view by <a href=\"http://www.udana.info/profile?id=\" traget=\"_blank\"></a>','2012-04-16 10:52:35',0),(305,257,'Your profile is view by <a href=\"http://www.udana.info/profile?id=\" traget=\"_blank\"></a>','2012-04-16 12:24:17',0),(306,259,'Your profile is view by <a href=\"http://www.udana.info/profile?id=\" traget=\"_blank\"></a>','2012-04-16 13:29:08',0),(307,258,'Your profile is view by <a href=\"http://www.udana.info/profile?id=\" traget=\"_blank\"></a>','2012-04-16 13:55:38',0),(308,260,'Your profile is view by <a href=\"http://www.udana.info/profile?id=\" traget=\"_blank\"></a>','2012-04-16 14:26:09',0),(309,261,'Your profile is view by <a href=\"http://www.udana.info/profile?id=\" traget=\"_blank\"></a>','2012-04-16 14:51:18',0),(310,262,'Your profile is view by <a href=\"http://www.udana.info/profile?id=\" traget=\"_blank\"></a>','2012-04-16 15:35:19',0),(311,264,'Your profile is view by <a href=\"http://www.udana.info/profile?id=\" traget=\"_blank\"></a>','2012-04-16 18:59:31',0),(312,265,'Your profile is view by <a href=\"http://www.udana.info/profile?id=\" traget=\"_blank\"></a>','2012-04-17 00:39:28',0),(313,266,'Your profile is view by <a href=\"http://www.udana.info/profile?id=\" traget=\"_blank\"></a>','2012-04-17 01:43:04',0),(314,267,'Your profile is view by <a href=\"http://www.udana.info/profile?id=\" traget=\"_blank\"></a>','2012-04-17 03:49:03',0),(315,263,'Your profile is view by <a href=\"http://www.udana.info/profile?id=\" traget=\"_blank\"></a>','2012-04-17 04:29:31',0),(316,268,'Your profile is view by <a href=\"http://www.udana.info/profile?id=\" traget=\"_blank\"></a>','2012-04-17 06:06:01',0),(317,269,'Your profile is view by <a href=\"http://www.udana.info/profile?id=\" traget=\"_blank\"></a>','2012-04-17 07:08:46',0),(318,270,'Your profile is view by <a href=\"http://www.udana.info/profile?id=\" traget=\"_blank\"></a>','2012-04-17 07:27:46',0),(319,271,'Your profile is view by <a href=\"http://www.udana.info/profile?id=\" traget=\"_blank\"></a>','2012-04-17 07:57:11',0),(320,272,'Your profile is view by <a href=\"http://www.udana.info/profile?id=\" traget=\"_blank\"></a>','2012-04-17 09:45:10',0),(321,35,'Your profile is view by <a href=\"http://www.udana.info/profile?id=\" traget=\"_blank\"></a>','2012-04-17 10:26:11',0),(322,273,'Your profile is view by <a href=\"http://www.udana.info/profile?id=\" traget=\"_blank\"></a>','2012-04-17 10:36:14',0),(323,274,'Your profile is view by <a href=\"http://www.udana.info/profile?id=\" traget=\"_blank\"></a>','2012-04-17 11:48:15',0),(324,276,'Your profile is view by <a href=\"http://www.udana.info/profile?id=\" traget=\"_blank\"></a>','2012-04-17 12:32:23',0),(325,277,'Your profile is view by <a href=\"http://www.udana.info/profile?id=\" traget=\"_blank\"></a>','2012-04-17 13:50:38',0),(326,278,'Your profile is view by <a href=\"http://www.udana.info/profile?id=\" traget=\"_blank\"></a>','2012-04-17 14:05:55',0),(327,279,'Your profile is view by <a href=\"http://www.udana.info/profile?id=\" traget=\"_blank\"></a>','2012-04-17 15:52:22',0),(328,280,'Your profile is view by <a href=\"http://www.udana.info/profile?id=\" traget=\"_blank\"></a>','2012-04-17 16:11:16',0),(329,281,'Your profile is view by <a href=\"http://www.udana.info/profile?id=\" traget=\"_blank\"></a>','2012-04-17 16:44:44',0),(330,283,'Your profile is view by <a href=\"http://www.udana.info/profile?id=\" traget=\"_blank\"></a>','2012-04-17 17:25:31',0),(331,282,'Your profile is view by <a href=\"http://www.udana.info/profile?id=\" traget=\"_blank\"></a>','2012-04-17 18:05:29',0),(332,284,'Your profile is view by <a href=\"http://www.udana.info/profile?id=\" traget=\"_blank\"></a>','2012-04-17 18:55:57',0),(333,286,'Your profile is view by <a href=\"http://www.udana.info/profile?id=\" traget=\"_blank\"></a>','2012-04-17 19:59:35',0),(334,287,'Your profile is view by <a href=\"http://www.udana.info/profile?id=\" traget=\"_blank\"></a>','2012-04-17 21:36:47',0),(335,288,'Your profile is view by <a href=\"http://www.udana.info/profile?id=\" traget=\"_blank\"></a>','2012-04-17 22:46:37',0),(336,289,'Your profile is view by <a href=\"http://www.udana.info/profile?id=\" traget=\"_blank\"></a>','2012-04-17 23:50:25',0),(337,290,'Your profile is view by <a href=\"http://www.udana.info/profile?id=\" traget=\"_blank\"></a>','2012-04-18 00:51:47',0),(338,291,'Your profile is view by <a href=\"http://www.udana.info/profile?id=\" traget=\"_blank\"></a>','2012-04-18 04:16:32',0),(339,292,'Your profile is view by <a href=\"http://www.udana.info/profile?id=\" traget=\"_blank\"></a>','2012-04-18 05:30:05',0),(340,30,'Your profile is view by <a href=\"http://www.udana.info/profile?id=\" traget=\"_blank\"></a>','2012-04-18 05:52:13',0),(341,27,'Your profile is view by <a href=\"http://www.udana.info/profile?id=\" traget=\"_blank\"></a>','2012-04-18 05:52:22',0),(342,32,'Your profile is view by <a href=\"http://www.udana.info/profile?id=\" traget=\"_blank\"></a>','2012-04-18 06:08:20',0),(343,41,'Your profile is view by <a href=\"http://www.udana.info/profile?id=\" traget=\"_blank\"></a>','2012-04-18 07:06:52',0),(344,39,'Your profile is view by <a href=\"http://www.udana.info/profile?id=\" traget=\"_blank\"></a>','2012-04-18 07:22:17',0),(345,42,'Your profile is view by <a href=\"http://www.udana.info/profile?id=\" traget=\"_blank\"></a>','2012-04-18 08:08:19',0),(346,295,'Your profile is view by <a href=\"http://www.udana.info/profile?id=\" traget=\"_blank\"></a>','2012-04-18 08:22:19',0),(347,296,'Your profile is view by <a href=\"http://www.udana.info/profile?id=\" traget=\"_blank\"></a>','2012-04-18 09:23:29',0);

UNLOCK TABLES;

/*Table structure for table `photo_category` */

DROP TABLE IF EXISTS `photo_category`;

CREATE TABLE `photo_category` (
  `id` int(11) NOT NULL AUTO_INCREMENT,
  `code` varchar(10) NOT NULL,
  `name` varchar(100) NOT NULL,
  `ispublic` tinyint(4) NOT NULL,
  PRIMARY KEY (`id`)
) ENGINE=InnoDB AUTO_INCREMENT=4 DEFAULT CHARSET=latin1;

/*Data for the table `photo_category` */

LOCK TABLES `photo_category` WRITE;

insert  into `photo_category`(`id`,`code`,`name`,`ispublic`) values (1,'PFPIC','Public Gallery',1),(2,'PVTP1','Private Gallery 1',0),(3,'PVTP2','Private Gallery 2',0);

UNLOCK TABLES;

/*Table structure for table `photo_info` */

DROP TABLE IF EXISTS `photo_info`;

CREATE TABLE `photo_info` (
  `photo_id` int(11) NOT NULL,
  `name` varchar(255) CHARACTER SET utf8 NOT NULL,
  `category` int(11) NOT NULL,
  `description` text NOT NULL,
  PRIMARY KEY (`photo_id`)
) ENGINE=InnoDB DEFAULT CHARSET=latin1;

/*Data for the table `photo_info` */

LOCK TABLES `photo_info` WRITE;

insert  into `photo_info`(`photo_id`,`name`,`category`,`description`) values (0,'',0,''),(14,'Tution',2,'das dadg adka dkasdakd sakdad d dfgfd gdfg dfg fdgd gfdgdf gfdg fgfdg'),(18,'dgha as dsjadgsa gdashda',2,'dasdas ds asd asdadsa dashdjk sajdjgfdsfgsfsg fsjf hsfjsfddsfdgsjfhsdjf'),(20,'',0,''),(21,'',2,''),(23,'Udana Passoport Photo',1,'Udana Passoport Photo'),(25,'',3,''),(28,'',1,''),(30,'',1,''),(31,'',1,''),(32,'Hela Tech',1,'Hela Tech logo small'),(34,'',1,''),(35,'',1,''),(37,'',1,''),(38,'',1,''),(39,'',1,''),(40,'',1,''),(41,'',1,''),(42,'',1,''),(43,'',1,''),(44,'',1,''),(45,'',1,''),(46,'',1,''),(47,'',1,'');

UNLOCK TABLES;

/*Table structure for table `photos` */

DROP TABLE IF EXISTS `photos`;

CREATE TABLE `photos` (
  `id` int(11) NOT NULL AUTO_INCREMENT,
  `userid` int(11) NOT NULL,
  `photo` varchar(256) NOT NULL,
  PRIMARY KEY (`id`),
  KEY `userid` (`userid`)
) ENGINE=InnoDB AUTO_INCREMENT=48 DEFAULT CHARSET=latin1;

/*Data for the table `photos` */

LOCK TABLES `photos` WRITE;

insert  into `photos`(`id`,`userid`,`photo`) values (7,16,'tution.jpg'),(14,9,'tution.jpg'),(18,9,'f8228949b67aa9ffd059c4c3a9dcd494.jpg'),(20,16,'2a38a90e6c2e868199b6c3b847a38469.jpg'),(21,9,'d3c32bfdc572e53eaee278612a041b54.jpg'),(23,9,'51642716abd8138a7f98f1a7861fbdf1.jpg'),(24,16,'673909aa901e568bf384da88d0ca81d8.jpg'),(25,9,'add269f348d1e45d12b6cf351d29aa2c.jpg'),(26,16,'230a9cd34c36dd45247776a3fcda8e28.jpg'),(28,9,'fa1fec6c61890fe45a6fa63265163690.jpg'),(30,9,'a36194f08b4c69fd04cd15e82c6b0d9d.jpg'),(31,19,'7f04508026389ff77010b043053ccbd6.jpg'),(32,24,'332b44c0dc9e56d50feabd949bfaf8fd.png'),(34,25,'470f610e6dc51b5b8a6846240191639d.jpg'),(35,25,'deadbabde74e2de66905b6e54afa846d.jpg'),(37,25,'148f13750de492d1c12c8066900658f9.jpg'),(38,25,'2acaffcaa59adcbf56b5e13164be159f.jpg'),(39,25,'dd6bd062da6e6bc228d162ccdbb7f5c5.jpg'),(40,25,'4f30ad6c3be14308e685918f2e9f947f.jpg'),(41,25,'992298c08f211c851a5909f5b96635fe.jpg'),(42,25,'4438042bc8db7eabb44e72b6e05c68a2.jpg'),(43,25,'5262dcb6c691317196e6f3c065da3f46.jpg'),(44,25,'7a4b5104e076d0e1d3ae9e7abbe7fc5c.jpg'),(45,25,'e5eff21e948a70ac1018b3aa31cd6817.jpg'),(46,25,'7bae282d81753bf66299975b3a4d002c.jpg'),(47,29,'c573dabb8df469ad68ea4d5382061fa8.jpg');

UNLOCK TABLES;

/*Table structure for table `profile_views` */

DROP TABLE IF EXISTS `profile_views`;

CREATE TABLE `profile_views` (
  `profile_id` int(11) NOT NULL,
  `viewed_by` int(11) NOT NULL,
  `count` int(11) NOT NULL DEFAULT '1',
  `last_viewed` date NOT NULL,
  PRIMARY KEY (`profile_id`,`viewed_by`)
) ENGINE=InnoDB DEFAULT CHARSET=latin1;

/*Data for the table `profile_views` */

LOCK TABLES `profile_views` WRITE;

insert  into `profile_views`(`profile_id`,`viewed_by`,`count`,`last_viewed`) values (0,0,3,'2012-04-02'),(9,0,23,'2012-04-14'),(9,9,3,'2012-02-20'),(9,19,1,'2012-01-22'),(9,24,1,'2012-02-20'),(9,25,1,'2012-02-27'),(10,0,1,'2012-01-22'),(10,9,1,'2012-01-22'),(10,19,1,'2012-01-22'),(12,0,15,'2012-04-18'),(14,0,19,'2012-04-18'),(15,0,17,'2012-04-14'),(16,0,20,'2012-04-14'),(16,9,2,'2012-01-24'),(16,19,1,'2012-01-22'),(18,0,18,'2012-04-18'),(18,9,4,'2012-02-20'),(18,16,1,'2012-04-02'),(18,19,1,'2012-01-22'),(18,24,1,'2012-02-20'),(19,0,14,'2012-04-14'),(19,9,1,'2012-02-20'),(19,16,1,'2012-04-02'),(19,20,1,'2012-03-13'),(19,26,1,'2012-03-09'),(21,0,11,'2012-04-14'),(21,24,1,'2012-02-20'),(22,29,1,'2012-03-24'),(24,0,11,'2012-04-16'),(24,9,1,'2012-02-20'),(24,24,1,'2012-02-20'),(24,29,1,'2012-03-24'),(25,0,8,'2012-04-16'),(25,25,4,'2012-03-24'),(25,29,1,'2012-03-24'),(27,0,1,'2012-04-18'),(27,16,1,'2012-04-02'),(29,0,5,'2012-04-11'),(29,16,1,'2012-04-02'),(29,25,1,'2012-03-24'),(30,0,1,'2012-04-18'),(32,0,1,'2012-04-18'),(33,0,1,'2012-04-02'),(35,0,1,'2012-04-17'),(36,0,1,'2012-04-02'),(38,0,2,'2012-04-15'),(39,0,1,'2012-04-18'),(41,0,1,'2012-04-18'),(42,0,1,'2012-04-18'),(44,0,1,'2012-04-02'),(45,0,1,'2012-04-02'),(46,0,1,'2012-04-02'),(47,0,1,'2012-04-02'),(48,0,1,'2012-04-03'),(49,0,1,'2012-04-03'),(50,0,1,'2012-04-03'),(51,0,1,'2012-04-03'),(52,0,1,'2012-04-03'),(53,0,1,'2012-04-03'),(54,0,1,'2012-04-03'),(55,0,1,'2012-04-03'),(56,0,1,'2012-04-03'),(57,0,1,'2012-04-03'),(58,0,1,'2012-04-03'),(59,0,1,'2012-04-03'),(60,0,1,'2012-04-03'),(61,0,1,'2012-04-03'),(62,0,1,'2012-04-03'),(63,0,1,'2012-04-04'),(64,0,1,'2012-04-04'),(65,0,1,'2012-04-04'),(66,0,1,'2012-04-04'),(67,0,1,'2012-04-04'),(68,0,1,'2012-04-04'),(69,0,1,'2012-04-04'),(70,0,1,'2012-04-04'),(71,0,1,'2012-04-04'),(72,0,1,'2012-04-04'),(73,0,1,'2012-04-04'),(74,0,1,'2012-04-04'),(75,0,1,'2012-04-04'),(76,0,1,'2012-04-04'),(77,0,1,'2012-04-05'),(78,0,1,'2012-04-05'),(79,0,1,'2012-04-05'),(80,0,1,'2012-04-05'),(81,0,1,'2012-04-06'),(82,0,1,'2012-04-06'),(83,0,1,'2012-04-06'),(84,0,1,'2012-04-06'),(85,0,1,'2012-04-06'),(86,0,1,'2012-04-06'),(87,0,1,'2012-04-06'),(88,0,1,'2012-04-06'),(89,0,1,'2012-04-06'),(90,0,1,'2012-04-06'),(91,0,1,'2012-04-07'),(92,0,1,'2012-04-07'),(93,0,1,'2012-04-07'),(94,0,1,'2012-04-07'),(95,0,1,'2012-04-07'),(96,0,1,'2012-04-07'),(97,0,1,'2012-04-07'),(98,0,1,'2012-04-07'),(99,0,1,'2012-04-07'),(100,0,1,'2012-04-07'),(101,0,1,'2012-04-07'),(102,0,1,'2012-04-07'),(103,0,1,'2012-04-07'),(104,0,1,'2012-04-07'),(105,0,1,'2012-04-07'),(106,0,1,'2012-04-07'),(107,0,1,'2012-04-07'),(108,0,1,'2012-04-07'),(109,0,1,'2012-04-07'),(110,0,1,'2012-04-07'),(111,0,1,'2012-04-07'),(112,0,1,'2012-04-07'),(113,0,1,'2012-04-07'),(114,0,1,'2012-04-07'),(115,0,1,'2012-04-07'),(116,0,1,'2012-04-08'),(117,0,1,'2012-04-08'),(118,0,1,'2012-04-08'),(119,0,1,'2012-04-08'),(120,0,1,'2012-04-08'),(121,0,1,'2012-04-11'),(122,0,1,'2012-04-09'),(123,0,1,'2012-04-09'),(124,0,1,'2012-04-09'),(125,0,1,'2012-04-10'),(126,0,1,'2012-04-10'),(127,0,1,'2012-04-10'),(128,0,1,'2012-04-10'),(129,0,1,'2012-04-10'),(130,0,1,'2012-04-10'),(131,0,1,'2012-04-10'),(132,0,1,'2012-04-10'),(133,0,1,'2012-04-10'),(134,0,1,'2012-04-11'),(135,0,1,'2012-04-11'),(136,0,1,'2012-04-11'),(137,0,1,'2012-04-11'),(138,0,1,'2012-04-11'),(139,0,1,'2012-04-11'),(140,0,1,'2012-04-11'),(141,0,1,'2012-04-11'),(142,0,1,'2012-04-11'),(143,0,1,'2012-04-11'),(144,0,1,'2012-04-11'),(145,0,1,'2012-04-11'),(146,0,1,'2012-04-11'),(147,0,1,'2012-04-11'),(148,0,1,'2012-04-11'),(149,0,1,'2012-04-11'),(150,0,1,'2012-04-11'),(151,0,1,'2012-04-11'),(152,0,1,'2012-04-12'),(153,0,1,'2012-04-12'),(154,0,1,'2012-04-12'),(155,0,1,'2012-04-12'),(156,0,1,'2012-04-12'),(157,0,1,'2012-04-12'),(158,0,1,'2012-04-12'),(159,0,1,'2012-04-12'),(160,0,1,'2012-04-12'),(161,0,1,'2012-04-12'),(162,0,1,'2012-04-12'),(163,0,1,'2012-04-12'),(164,0,1,'2012-04-12'),(165,0,1,'2012-04-12'),(166,0,1,'2012-04-12'),(167,0,1,'2012-04-12'),(168,0,1,'2012-04-12'),(169,0,1,'2012-04-12'),(170,0,1,'2012-04-12'),(171,0,1,'2012-04-12'),(172,0,1,'2012-04-12'),(173,0,1,'2012-04-12'),(174,0,1,'2012-04-12'),(175,0,1,'2012-04-12'),(176,0,1,'2012-04-12'),(177,0,1,'2012-04-12'),(178,0,1,'2012-04-12'),(179,0,1,'2012-04-12'),(180,0,1,'2012-04-12'),(181,0,1,'2012-04-12'),(182,0,1,'2012-04-13'),(183,0,1,'2012-04-13'),(184,0,1,'2012-04-13'),(185,0,1,'2012-04-13'),(186,0,1,'2012-04-13'),(187,0,1,'2012-04-13'),(188,0,1,'2012-04-13'),(189,0,1,'2012-04-13'),(190,0,1,'2012-04-13'),(191,0,1,'2012-04-13'),(192,0,1,'2012-04-13'),(193,0,1,'2012-04-14'),(194,0,1,'2012-04-14'),(195,0,1,'2012-04-14'),(196,0,1,'2012-04-14'),(197,0,1,'2012-04-14'),(198,0,1,'2012-04-14'),(199,0,1,'2012-04-14'),(200,0,1,'2012-04-14'),(201,0,1,'2012-04-14'),(202,0,1,'2012-04-14'),(203,0,1,'2012-04-14'),(204,0,1,'2012-04-14'),(205,0,1,'2012-04-14'),(206,0,1,'2012-04-14'),(207,0,1,'2012-04-14'),(208,0,1,'2012-04-14'),(209,0,1,'2012-04-14'),(210,0,1,'2012-04-14'),(211,0,1,'2012-04-14'),(212,0,1,'2012-04-14'),(213,0,1,'2012-04-14'),(214,0,1,'2012-04-14'),(215,0,1,'2012-04-14'),(216,0,1,'2012-04-14'),(217,0,1,'2012-04-14'),(218,0,1,'2012-04-14'),(219,0,1,'2012-04-14'),(220,0,1,'2012-04-15'),(221,0,1,'2012-04-15'),(222,0,1,'2012-04-15'),(223,0,1,'2012-04-15'),(224,0,1,'2012-04-15'),(225,0,1,'2012-04-15'),(226,0,1,'2012-04-15'),(227,0,1,'2012-04-15'),(228,0,1,'2012-04-15'),(229,0,1,'2012-04-15'),(230,0,1,'2012-04-15'),(231,0,1,'2012-04-15'),(232,0,1,'2012-04-15'),(233,0,1,'2012-04-15'),(234,0,1,'2012-04-15'),(235,0,1,'2012-04-15'),(236,0,1,'2012-04-15'),(237,0,1,'2012-04-15'),(238,0,1,'2012-04-15'),(239,0,1,'2012-04-15'),(240,0,1,'2012-04-15'),(241,0,1,'2012-04-15'),(242,0,1,'2012-04-15'),(243,0,1,'2012-04-16'),(244,0,1,'2012-04-16'),(245,0,1,'2012-04-16'),(246,0,1,'2012-04-16'),(247,0,1,'2012-04-16'),(248,0,1,'2012-04-16'),(249,0,1,'2012-04-16'),(250,0,1,'2012-04-16'),(251,0,1,'2012-04-16'),(252,0,1,'2012-04-16'),(253,0,1,'2012-04-16'),(254,0,1,'2012-04-16'),(255,0,1,'2012-04-16'),(256,0,1,'2012-04-16'),(257,0,1,'2012-04-16'),(258,0,1,'2012-04-16'),(259,0,1,'2012-04-16'),(260,0,1,'2012-04-16'),(261,0,1,'2012-04-16'),(262,0,1,'2012-04-16'),(263,0,1,'2012-04-17'),(264,0,1,'2012-04-16'),(265,0,1,'2012-04-17'),(266,0,1,'2012-04-17'),(267,0,1,'2012-04-17'),(268,0,1,'2012-04-17'),(269,0,1,'2012-04-17'),(270,0,1,'2012-04-17'),(271,0,1,'2012-04-17'),(272,0,1,'2012-04-17'),(273,0,1,'2012-04-17'),(274,0,1,'2012-04-17'),(276,0,1,'2012-04-17'),(277,0,1,'2012-04-17'),(278,0,1,'2012-04-17'),(279,0,1,'2012-04-17'),(280,0,1,'2012-04-17'),(281,0,1,'2012-04-17'),(282,0,1,'2012-04-17'),(283,0,1,'2012-04-17'),(284,0,1,'2012-04-17'),(286,0,1,'2012-04-17'),(287,0,1,'2012-04-17'),(288,0,1,'2012-04-17'),(289,0,1,'2012-04-17'),(290,0,1,'2012-04-18'),(291,0,1,'2012-04-18'),(292,0,1,'2012-04-18'),(295,0,1,'2012-04-18'),(296,0,1,'2012-04-18');

UNLOCK TABLES;

/*Table structure for table `profiles` */

DROP TABLE IF EXISTS `profiles`;

CREATE TABLE `profiles` (
  `id` int(11) NOT NULL AUTO_INCREMENT,
  `userid` int(11) NOT NULL,
  `relationship_status` varchar(150) NOT NULL,
  `participation_level` varchar(150) NOT NULL,
  `sexual_orientation` varchar(150) NOT NULL,
  `race_background` varchar(150) NOT NULL,
  `personality` varchar(150) NOT NULL,
  `my_looks` varchar(150) NOT NULL,
  `body_type` varchar(150) NOT NULL,
  `height` varchar(150) NOT NULL,
  `eye_colour` varchar(100) NOT NULL,
  `hair_colour` varchar(100) NOT NULL,
  `hair_length` varchar(100) NOT NULL,
  `drinking` varchar(100) NOT NULL,
  `smoking` varchar(100) NOT NULL,
  `general_interests` text NOT NULL,
  `safe_sex` varchar(100) NOT NULL,
  `body_hair` varchar(100) NOT NULL,
  `public_hair` varchar(100) NOT NULL,
  `endowment_length` varchar(100) NOT NULL,
  `endowment_thickness` varchar(100) NOT NULL,
  `intimate_piercings` tinyint(4) NOT NULL DEFAULT '0',
  `sexual_personality` varchar(256) NOT NULL,
  `sexual_interests` text NOT NULL,
  `sexual_preferences` text NOT NULL,
  `fetish_interests` text NOT NULL,
  `ideal_sexy_location` varchar(100) NOT NULL,
  `sexy_must_haves` varchar(100) NOT NULL,
  `favourite_activity` varchar(100) NOT NULL,
  `profile_title` varchar(100) NOT NULL,
  `about_me` text NOT NULL,
  `looking_to_meet` text NOT NULL,
  PRIMARY KEY (`id`)
) ENGINE=MyISAM AUTO_INCREMENT=299 DEFAULT CHARSET=latin1;

/*Data for the table `profiles` */

LOCK TABLES `profiles` WRITE;

insert  into `profiles`(`id`,`userid`,`relationship_status`,`participation_level`,`sexual_orientation`,`race_background`,`personality`,`my_looks`,`body_type`,`height`,`eye_colour`,`hair_colour`,`hair_length`,`drinking`,`smoking`,`general_interests`,`safe_sex`,`body_hair`,`public_hair`,`endowment_length`,`endowment_thickness`,`intimate_piercings`,`sexual_personality`,`sexual_interests`,`sexual_preferences`,`fetish_interests`,`ideal_sexy_location`,`sexy_must_haves`,`favourite_activity`,`profile_title`,`about_me`,`looking_to_meet`) values (14,9,'Ask Me','Open for anything','Straight','Caucasian','Ask Me','Do Not Display','Ask Me','Ask Me','Ask Me','Ask Me','Ask Me','Ask Me','Ask Me','a:3:{i:0;s:5:\"Music\";i:1;s:20:\"Entertaining/Parties\";i:2;s:17:\"Wining and Dining\";}','Always for all activities','Do not display','Do not display','Do not display','Do not display',0,'Naturally sexy','a:4:{i:0;s:16:\"Phone/Webcam Sex\";i:1;s:13:\"Foreplay Only\";i:2;s:3:\"MMF\";i:3;s:8:\"MMF (bi)\";}','a:2:{i:0;s:17:\"Oral sex - giving\";i:1;s:25:\"Anal sex/play - receiving\";}','a:2:{i:0;s:9:\"Role Play\";i:1;s:4:\"Feet\";}','in a private bedroom with silk sheets on the bed','a lustful, imaginative lover','hours of hot, unbridled sex','Good boy','kdshkfjhsdkjf0bvbvbv','kxfdslkf0'),(25,19,'','','','','','','','','','','','','','','','','','','',0,'','','','','','','','','',''),(26,17,'Ask Me','Open for anything','Not Sure','Black','Ask Me','Attractive','Ask Me','6 ft 2 in','Ask Me','Ask Me','Ask Me','Ask Me','Ask Me','b:0;','Always for all activities','Do not display','Do not display','Do not display','Do not display',0,'Naturally sexy','b:0;','b:0;','b:0;','on a secluded beach of a lush tropical island','a lustful, imaginative lover','naughty, porno sex while being filmed','','',''),(15,10,'','','','','','','','','','','','','','','','','','','',0,'','','','','','','','','',''),(24,16,'Single','Meet first,play later','I just like to watch','Black','Shy','See My Photo','Athletic','5 ft 11 in','Brown','Black','Clean shaven','I am a light/social drinker','I am non-smoker','a:3:{i:0;s:7:\"Friends\";i:1;s:16:\"Dancing/Clubbing\";i:2;s:6:\"Movies\";}','Always for all activities','Manicured','Manicured','Do not display','Average',0,'Sex Maniac','a:1:{i:0;s:26:\"Sexy Chat/Email/Photo Swap\";}','a:1:{i:0;s:7:\"Kissing\";}','a:1:{i:0;s:27:\"Bondage & Discipline - soft\";}','in a warm, inviting spa of a luxury penthouse','champagne and scented massage oils','naughty, porno sex while being filmed','helloo this is mee','about me about me about me about me about me about me about me about me about me about me about me about me about me about me about me about me about me about me about me about me about me about me about me about me about me about me ','I am looking to meetI am looking to meetI am looking to meetI am looking to meetI am looking to meetI am looking to meetI am looking to meetI am looking to meetI am looking to meetI am looking to meetI am looking to meet'),(27,18,'','','','','','','','','','','','','','','','','','','',0,'','','','','','','','','',''),(28,20,'Ask Me','Open for anything','Not Sure','Ask Me','Ask Me','Do Not Display','Ask Me','Ask Me','Ask Me','Ask Me','Ask Me','Ask Me','Ask Me','b:0;','Always for all activities','Do not display','Do not display','Do not display','Do not display',0,'Naturally sexy','b:0;','b:0;','b:0;','in a private bedroom with silk sheets on the bed','a lustful, imaginative lover','hours of hot, unbridled sex','','',''),(29,22,'Ask Me','Open for anything','Not Sure','Ask Me','Ask Me','Do Not Display','Ask Me','Ask Me','Ask Me','Ask Me','Ask Me','Ask Me','Ask Me','a:3:{i:0;s:6:\"Travel\";i:1;s:8:\"Shopping\";i:2;s:20:\"Entertaining/Parties\";}','Always for all intercourse','Do not display','Do not display','Do not display','Do not display',0,'Conservative','b:0;','b:0;','b:0;','at a romantic bed & breakfast in the country','whips, chains and a leather collar','finding the fine line between pleasure and pain','','',''),(30,14,'','','','','','','','','','','','','','','','','','','',0,'','','','','','','','','',''),(31,15,'','','','','','','','','','','','','','','','','','','',0,'','','','','','','','','',''),(32,12,'','','','','','','','','','','','','','','','','','','',0,'','','','','','','','','',''),(33,0,'','','','','','','','','','','','','','','','','','','',0,'','','','','','','','','',''),(34,24,'Single','Meet first,play later','Not Sure','American Indian','Friendly','See My Photo','Slim','5 ft 3 in','Black','Black','Past shoulders','I dont drink at all','I am non-smoker','a:6:{i:0;s:7:\"Friends\";i:1;s:6:\"Travel\";i:2;s:6:\"Movies\";i:3;s:18:\"Outdoor Activities\";i:4;s:4:\"Work\";i:5;s:5:\"Boats\";}','Sometimes','Light','Hairly','Do not display','Average',0,'Gentle Lover','b:0;','b:0;','b:0;','in a private bedroom with silk sheets on the bed','champagne and scented massage oils','a night of sensual, passionate love-making','I am a good girl','You know who am I ','any one , trustworthy'),(35,21,'','','','','','','','','','','','','','','','','','','',0,'','','','','','','','','',''),(36,25,'Attached','Open for anything','Not Sure','Caucasian','Reserved','Attractive','Athletic','5 ft 9 in','Hazel','Changes often','Past shoulders','I am a light/social drinker','I am non-smoker','a:10:{i:0;s:7:\"Friends\";i:1;s:6:\"Travel\";i:2;s:8:\"Shopping\";i:3;s:17:\"Wining and Dining\";i:4;s:6:\"Movies\";i:5;s:7:\"Fitness\";i:6;s:11:\"Quiet Times\";i:7;s:18:\"Outdoor Activities\";i:8;s:4:\"Cars\";i:9;s:5:\"Boats\";}','Always for all activities','Hairly','Hairly','3','Average',0,'Conservative','a:5:{i:0;s:10:\"1 on 1 sex\";i:1;s:9:\"Group sex\";i:2;s:3:\"MMF\";i:3;s:3:\"FFM\";i:4;s:8:\"FFM (bi)\";}','a:7:{i:0;s:7:\"Kissing\";i:1;s:11:\"Regular sex\";i:2;s:17:\"Oral sex - giving\";i:3;s:20:\"Oral sex - receiving\";i:4;s:22:\"Anal sex/play - giving\";i:5;s:18:\"Erotic Photography\";i:6;s:12:\"Masturbation\";}','a:12:{i:0;s:27:\"Bondage & Discipline - soft\";i:1;s:27:\"Bondage & Discipline - hard\";i:2;s:9:\"Role Play\";i:3;s:4:\"Feet\";i:4;s:30:\"Toys (Vibrator, strap-on etc.)\";i:5;s:12:\"Hair pulling\";i:6;s:17:\"Spanking/Whipping\";i:7;s:18:\"Breast/Nipple Play\";i:8;s:12:\"Genital Play\";i:9;s:11:\"Breath Play\";i:10;s:10:\"Candle wax\";i:11;s:12:\"Water sports\";}','at a mysterious, erotic masquerade party','a lustful, imaginative lover','hours of hot, unbridled sex','Sharkcats','aaaaaaaaaaaaaaaaaaaaaaaaaaaaaaaaaaaaaaaaaaaaaaaaaaaaaaaaaaaaaaaaaaaaaaaaaaaaaaaaaaaaaaaaaaaaaaaaaaaaaaaaaaaaaaaaaaaaaaaaaaaa','bbbbbbbbbbbbbbbbbbbbbbbbbbbbbbbbbbbbbbbbbbbbbbbbbbbbbbbbbbbbbbbbbbbbbbbbbbbbbbbbbbbbbbbbbbbbbbbbbbbbbbbbbbbbbbbbbbbbbbbbbbbb'),(37,26,'','','','','','','','','','','','','','','','','','','',0,'','','','','','','','','',''),(38,29,'Single','Open for anything','Anything','Various','Private','Very Attractive','Ask Me','6 ft 0 in','Brown','Red/Strawberry Blonde','Past shoulders','I am regular drinker','I am a cigar/pipe smoker','a:6:{i:0;s:7:\"Friends\";i:1;s:5:\"Music\";i:2;s:8:\"Shopping\";i:3;s:16:\"Dancing/Clubbing\";i:4;s:20:\"Entertaining/Parties\";i:5;s:6:\"Movies\";}','Always for all activities','Do not display','Do not display','Do not display','Do not display',0,'Naturally sexy','a:4:{i:0;s:10:\"1 on 1 sex\";i:1;s:9:\"Group sex\";i:2;s:3:\"MMF\";i:3;s:3:\"FFM\";}','a:2:{i:0;s:20:\"Oral sex - receiving\";i:1;s:23:\"Sex outdoors - secluded\";}','a:5:{i:0;s:27:\"Bondage & Discipline - hard\";i:1;s:9:\"Gang Bang\";i:2;s:30:\"Toys (Vibrator, strap-on etc.)\";i:3;s:17:\"Spanking/Whipping\";i:4;s:10:\"Candle wax\";}','in a private bedroom with silk sheets on the bed','a lustful, imaginative lover','hours of hot, unbridled sex','kitty kat','I am a bitch of a person and difficult to please','A rich tall dark and handsome.'),(39,30,'','','','','','','','','','','','','','','','','','','',0,'','','','','','','','','',''),(40,31,'','','','','','','','','','','','','','','','','','','',0,'','','','','','','','','',''),(41,32,'','','','','','','','','','','','','','','','','','','',0,'','','','','','','','','',''),(42,27,'','','','','','','','','','','','','','','','','','','',0,'','','','','','','','','',''),(43,36,'','','','','','','','','','','','','','','','','','','',0,'','','','','','','','','',''),(44,33,'','','','','','','','','','','','','','','','','','','',0,'','','','','','','','','',''),(45,44,'','','','','','','','','','','','','','','','','','','',0,'','','','','','','','','',''),(46,45,'','','','','','','','','','','','','','','','','','','',0,'','','','','','','','','',''),(47,46,'','','','','','','','','','','','','','','','','','','',0,'','','','','','','','','',''),(48,47,'','','','','','','','','','','','','','','','','','','',0,'','','','','','','','','',''),(49,48,'','','','','','','','','','','','','','','','','','','',0,'','','','','','','','','',''),(50,49,'','','','','','','','','','','','','','','','','','','',0,'','','','','','','','','',''),(51,50,'','','','','','','','','','','','','','','','','','','',0,'','','','','','','','','',''),(52,51,'','','','','','','','','','','','','','','','','','','',0,'','','','','','','','','',''),(53,52,'','','','','','','','','','','','','','','','','','','',0,'','','','','','','','','',''),(54,53,'','','','','','','','','','','','','','','','','','','',0,'','','','','','','','','',''),(55,54,'','','','','','','','','','','','','','','','','','','',0,'','','','','','','','','',''),(56,55,'','','','','','','','','','','','','','','','','','','',0,'','','','','','','','','',''),(57,56,'','','','','','','','','','','','','','','','','','','',0,'','','','','','','','','',''),(58,57,'','','','','','','','','','','','','','','','','','','',0,'','','','','','','','','',''),(59,58,'','','','','','','','','','','','','','','','','','','',0,'','','','','','','','','',''),(60,59,'','','','','','','','','','','','','','','','','','','',0,'','','','','','','','','',''),(61,60,'','','','','','','','','','','','','','','','','','','',0,'','','','','','','','','',''),(62,61,'','','','','','','','','','','','','','','','','','','',0,'','','','','','','','','',''),(63,62,'','','','','','','','','','','','','','','','','','','',0,'','','','','','','','','',''),(64,63,'','','','','','','','','','','','','','','','','','','',0,'','','','','','','','','',''),(65,64,'','','','','','','','','','','','','','','','','','','',0,'','','','','','','','','',''),(66,65,'','','','','','','','','','','','','','','','','','','',0,'','','','','','','','','',''),(67,66,'','','','','','','','','','','','','','','','','','','',0,'','','','','','','','','',''),(68,67,'','','','','','','','','','','','','','','','','','','',0,'','','','','','','','','',''),(69,68,'','','','','','','','','','','','','','','','','','','',0,'','','','','','','','','',''),(70,69,'','','','','','','','','','','','','','','','','','','',0,'','','','','','','','','',''),(71,70,'','','','','','','','','','','','','','','','','','','',0,'','','','','','','','','',''),(72,71,'','','','','','','','','','','','','','','','','','','',0,'','','','','','','','','',''),(73,72,'','','','','','','','','','','','','','','','','','','',0,'','','','','','','','','',''),(74,73,'','','','','','','','','','','','','','','','','','','',0,'','','','','','','','','',''),(75,74,'','','','','','','','','','','','','','','','','','','',0,'','','','','','','','','',''),(76,75,'','','','','','','','','','','','','','','','','','','',0,'','','','','','','','','',''),(77,76,'','','','','','','','','','','','','','','','','','','',0,'','','','','','','','','',''),(78,77,'','','','','','','','','','','','','','','','','','','',0,'','','','','','','','','',''),(79,78,'','','','','','','','','','','','','','','','','','','',0,'','','','','','','','','',''),(80,79,'','','','','','','','','','','','','','','','','','','',0,'','','','','','','','','',''),(81,80,'','','','','','','','','','','','','','','','','','','',0,'','','','','','','','','',''),(82,81,'','','','','','','','','','','','','','','','','','','',0,'','','','','','','','','',''),(83,82,'','','','','','','','','','','','','','','','','','','',0,'','','','','','','','','',''),(84,83,'','','','','','','','','','','','','','','','','','','',0,'','','','','','','','','',''),(85,84,'','','','','','','','','','','','','','','','','','','',0,'','','','','','','','','',''),(86,85,'','','','','','','','','','','','','','','','','','','',0,'','','','','','','','','',''),(87,86,'','','','','','','','','','','','','','','','','','','',0,'','','','','','','','','',''),(88,87,'','','','','','','','','','','','','','','','','','','',0,'','','','','','','','','',''),(89,88,'','','','','','','','','','','','','','','','','','','',0,'','','','','','','','','',''),(90,89,'','','','','','','','','','','','','','','','','','','',0,'','','','','','','','','',''),(91,90,'','','','','','','','','','','','','','','','','','','',0,'','','','','','','','','',''),(92,91,'','','','','','','','','','','','','','','','','','','',0,'','','','','','','','','',''),(93,92,'','','','','','','','','','','','','','','','','','','',0,'','','','','','','','','',''),(94,93,'','','','','','','','','','','','','','','','','','','',0,'','','','','','','','','',''),(95,94,'','','','','','','','','','','','','','','','','','','',0,'','','','','','','','','',''),(96,95,'','','','','','','','','','','','','','','','','','','',0,'','','','','','','','','',''),(97,96,'','','','','','','','','','','','','','','','','','','',0,'','','','','','','','','',''),(98,97,'','','','','','','','','','','','','','','','','','','',0,'','','','','','','','','',''),(99,98,'','','','','','','','','','','','','','','','','','','',0,'','','','','','','','','',''),(100,99,'','','','','','','','','','','','','','','','','','','',0,'','','','','','','','','',''),(101,100,'','','','','','','','','','','','','','','','','','','',0,'','','','','','','','','',''),(102,101,'','','','','','','','','','','','','','','','','','','',0,'','','','','','','','','',''),(103,102,'','','','','','','','','','','','','','','','','','','',0,'','','','','','','','','',''),(104,103,'','','','','','','','','','','','','','','','','','','',0,'','','','','','','','','',''),(105,104,'','','','','','','','','','','','','','','','','','','',0,'','','','','','','','','',''),(106,105,'','','','','','','','','','','','','','','','','','','',0,'','','','','','','','','',''),(107,106,'','','','','','','','','','','','','','','','','','','',0,'','','','','','','','','',''),(108,107,'','','','','','','','','','','','','','','','','','','',0,'','','','','','','','','',''),(109,108,'','','','','','','','','','','','','','','','','','','',0,'','','','','','','','','',''),(110,109,'','','','','','','','','','','','','','','','','','','',0,'','','','','','','','','',''),(111,110,'','','','','','','','','','','','','','','','','','','',0,'','','','','','','','','',''),(112,111,'','','','','','','','','','','','','','','','','','','',0,'','','','','','','','','',''),(113,112,'','','','','','','','','','','','','','','','','','','',0,'','','','','','','','','',''),(114,113,'','','','','','','','','','','','','','','','','','','',0,'','','','','','','','','',''),(115,114,'','','','','','','','','','','','','','','','','','','',0,'','','','','','','','','',''),(116,115,'','','','','','','','','','','','','','','','','','','',0,'','','','','','','','','',''),(117,116,'','','','','','','','','','','','','','','','','','','',0,'','','','','','','','','',''),(118,117,'','','','','','','','','','','','','','','','','','','',0,'','','','','','','','','',''),(119,118,'','','','','','','','','','','','','','','','','','','',0,'','','','','','','','','',''),(120,119,'','','','','','','','','','','','','','','','','','','',0,'','','','','','','','','',''),(121,120,'','','','','','','','','','','','','','','','','','','',0,'','','','','','','','','',''),(122,38,'','','','','','','','','','','','','','','','','','','',0,'','','','','','','','','',''),(123,122,'','','','','','','','','','','','','','','','','','','',0,'','','','','','','','','',''),(124,123,'','','','','','','','','','','','','','','','','','','',0,'','','','','','','','','',''),(125,124,'','','','','','','','','','','','','','','','','','','',0,'','','','','','','','','',''),(126,125,'','','','','','','','','','','','','','','','','','','',0,'','','','','','','','','',''),(127,126,'','','','','','','','','','','','','','','','','','','',0,'','','','','','','','','',''),(128,127,'','','','','','','','','','','','','','','','','','','',0,'','','','','','','','','',''),(129,128,'','','','','','','','','','','','','','','','','','','',0,'','','','','','','','','',''),(130,129,'','','','','','','','','','','','','','','','','','','',0,'','','','','','','','','',''),(131,130,'','','','','','','','','','','','','','','','','','','',0,'','','','','','','','','',''),(132,131,'','','','','','','','','','','','','','','','','','','',0,'','','','','','','','','',''),(133,132,'','','','','','','','','','','','','','','','','','','',0,'','','','','','','','','',''),(134,133,'','','','','','','','','','','','','','','','','','','',0,'','','','','','','','','',''),(135,134,'','','','','','','','','','','','','','','','','','','',0,'','','','','','','','','',''),(136,135,'','','','','','','','','','','','','','','','','','','',0,'','','','','','','','','',''),(137,121,'','','','','','','','','','','','','','','','','','','',0,'','','','','','','','','',''),(138,136,'','','','','','','','','','','','','','','','','','','',0,'','','','','','','','','',''),(139,138,'','','','','','','','','','','','','','','','','','','',0,'','','','','','','','','',''),(140,137,'','','','','','','','','','','','','','','','','','','',0,'','','','','','','','','',''),(141,139,'','','','','','','','','','','','','','','','','','','',0,'','','','','','','','','',''),(142,140,'','','','','','','','','','','','','','','','','','','',0,'','','','','','','','','',''),(143,141,'','','','','','','','','','','','','','','','','','','',0,'','','','','','','','','',''),(144,143,'','','','','','','','','','','','','','','','','','','',0,'','','','','','','','','',''),(145,142,'','','','','','','','','','','','','','','','','','','',0,'','','','','','','','','',''),(146,144,'','','','','','','','','','','','','','','','','','','',0,'','','','','','','','','',''),(147,145,'','','','','','','','','','','','','','','','','','','',0,'','','','','','','','','',''),(148,146,'','','','','','','','','','','','','','','','','','','',0,'','','','','','','','','',''),(149,147,'','','','','','','','','','','','','','','','','','','',0,'','','','','','','','','',''),(150,148,'','','','','','','','','','','','','','','','','','','',0,'','','','','','','','','',''),(151,149,'','','','','','','','','','','','','','','','','','','',0,'','','','','','','','','',''),(152,150,'','','','','','','','','','','','','','','','','','','',0,'','','','','','','','','',''),(153,151,'','','','','','','','','','','','','','','','','','','',0,'','','','','','','','','',''),(154,152,'','','','','','','','','','','','','','','','','','','',0,'','','','','','','','','',''),(155,153,'','','','','','','','','','','','','','','','','','','',0,'','','','','','','','','',''),(156,154,'','','','','','','','','','','','','','','','','','','',0,'','','','','','','','','',''),(157,155,'','','','','','','','','','','','','','','','','','','',0,'','','','','','','','','',''),(158,156,'','','','','','','','','','','','','','','','','','','',0,'','','','','','','','','',''),(159,157,'','','','','','','','','','','','','','','','','','','',0,'','','','','','','','','',''),(160,158,'','','','','','','','','','','','','','','','','','','',0,'','','','','','','','','',''),(161,159,'','','','','','','','','','','','','','','','','','','',0,'','','','','','','','','',''),(162,160,'','','','','','','','','','','','','','','','','','','',0,'','','','','','','','','',''),(163,162,'','','','','','','','','','','','','','','','','','','',0,'','','','','','','','','',''),(164,161,'','','','','','','','','','','','','','','','','','','',0,'','','','','','','','','',''),(165,163,'','','','','','','','','','','','','','','','','','','',0,'','','','','','','','','',''),(166,164,'','','','','','','','','','','','','','','','','','','',0,'','','','','','','','','',''),(167,165,'','','','','','','','','','','','','','','','','','','',0,'','','','','','','','','',''),(168,166,'','','','','','','','','','','','','','','','','','','',0,'','','','','','','','','',''),(169,167,'','','','','','','','','','','','','','','','','','','',0,'','','','','','','','','',''),(170,168,'','','','','','','','','','','','','','','','','','','',0,'','','','','','','','','',''),(171,169,'','','','','','','','','','','','','','','','','','','',0,'','','','','','','','','',''),(172,170,'','','','','','','','','','','','','','','','','','','',0,'','','','','','','','','',''),(173,171,'','','','','','','','','','','','','','','','','','','',0,'','','','','','','','','',''),(174,172,'','','','','','','','','','','','','','','','','','','',0,'','','','','','','','','',''),(175,173,'','','','','','','','','','','','','','','','','','','',0,'','','','','','','','','',''),(176,175,'','','','','','','','','','','','','','','','','','','',0,'','','','','','','','','',''),(177,174,'','','','','','','','','','','','','','','','','','','',0,'','','','','','','','','',''),(178,176,'','','','','','','','','','','','','','','','','','','',0,'','','','','','','','','',''),(179,177,'','','','','','','','','','','','','','','','','','','',0,'','','','','','','','','',''),(180,178,'','','','','','','','','','','','','','','','','','','',0,'','','','','','','','','',''),(181,179,'','','','','','','','','','','','','','','','','','','',0,'','','','','','','','','',''),(182,180,'','','','','','','','','','','','','','','','','','','',0,'','','','','','','','','',''),(183,181,'','','','','','','','','','','','','','','','','','','',0,'','','','','','','','','',''),(184,182,'','','','','','','','','','','','','','','','','','','',0,'','','','','','','','','',''),(185,183,'','','','','','','','','','','','','','','','','','','',0,'','','','','','','','','',''),(186,184,'','','','','','','','','','','','','','','','','','','',0,'','','','','','','','','',''),(187,186,'','','','','','','','','','','','','','','','','','','',0,'','','','','','','','','',''),(188,185,'','','','','','','','','','','','','','','','','','','',0,'','','','','','','','','',''),(189,187,'','','','','','','','','','','','','','','','','','','',0,'','','','','','','','','',''),(190,188,'','','','','','','','','','','','','','','','','','','',0,'','','','','','','','','',''),(191,189,'','','','','','','','','','','','','','','','','','','',0,'','','','','','','','','',''),(192,190,'','','','','','','','','','','','','','','','','','','',0,'','','','','','','','','',''),(193,191,'','','','','','','','','','','','','','','','','','','',0,'','','','','','','','','',''),(194,192,'','','','','','','','','','','','','','','','','','','',0,'','','','','','','','','',''),(195,193,'','','','','','','','','','','','','','','','','','','',0,'','','','','','','','','',''),(196,194,'','','','','','','','','','','','','','','','','','','',0,'','','','','','','','','',''),(197,195,'','','','','','','','','','','','','','','','','','','',0,'','','','','','','','','',''),(198,196,'','','','','','','','','','','','','','','','','','','',0,'','','','','','','','','',''),(199,197,'','','','','','','','','','','','','','','','','','','',0,'','','','','','','','','',''),(200,198,'','','','','','','','','','','','','','','','','','','',0,'','','','','','','','','',''),(201,199,'','','','','','','','','','','','','','','','','','','',0,'','','','','','','','','',''),(202,200,'','','','','','','','','','','','','','','','','','','',0,'','','','','','','','','',''),(203,201,'','','','','','','','','','','','','','','','','','','',0,'','','','','','','','','',''),(204,202,'','','','','','','','','','','','','','','','','','','',0,'','','','','','','','','',''),(205,203,'','','','','','','','','','','','','','','','','','','',0,'','','','','','','','','',''),(206,204,'','','','','','','','','','','','','','','','','','','',0,'','','','','','','','','',''),(207,205,'','','','','','','','','','','','','','','','','','','',0,'','','','','','','','','',''),(208,206,'','','','','','','','','','','','','','','','','','','',0,'','','','','','','','','',''),(209,207,'','','','','','','','','','','','','','','','','','','',0,'','','','','','','','','',''),(210,208,'','','','','','','','','','','','','','','','','','','',0,'','','','','','','','','',''),(211,209,'','','','','','','','','','','','','','','','','','','',0,'','','','','','','','','',''),(212,211,'','','','','','','','','','','','','','','','','','','',0,'','','','','','','','','',''),(213,210,'','','','','','','','','','','','','','','','','','','',0,'','','','','','','','','',''),(214,212,'','','','','','','','','','','','','','','','','','','',0,'','','','','','','','','',''),(215,213,'','','','','','','','','','','','','','','','','','','',0,'','','','','','','','','',''),(216,214,'','','','','','','','','','','','','','','','','','','',0,'','','','','','','','','',''),(217,215,'','','','','','','','','','','','','','','','','','','',0,'','','','','','','','','',''),(218,216,'','','','','','','','','','','','','','','','','','','',0,'','','','','','','','','',''),(219,217,'','','','','','','','','','','','','','','','','','','',0,'','','','','','','','','',''),(220,218,'','','','','','','','','','','','','','','','','','','',0,'','','','','','','','','',''),(221,219,'','','','','','','','','','','','','','','','','','','',0,'','','','','','','','','',''),(222,220,'','','','','','','','','','','','','','','','','','','',0,'','','','','','','','','',''),(223,221,'','','','','','','','','','','','','','','','','','','',0,'','','','','','','','','',''),(224,222,'','','','','','','','','','','','','','','','','','','',0,'','','','','','','','','',''),(225,223,'','','','','','','','','','','','','','','','','','','',0,'','','','','','','','','',''),(226,224,'','','','','','','','','','','','','','','','','','','',0,'','','','','','','','','',''),(227,226,'','','','','','','','','','','','','','','','','','','',0,'','','','','','','','','',''),(228,225,'','','','','','','','','','','','','','','','','','','',0,'','','','','','','','','',''),(229,227,'','','','','','','','','','','','','','','','','','','',0,'','','','','','','','','',''),(230,228,'','','','','','','','','','','','','','','','','','','',0,'','','','','','','','','',''),(231,229,'','','','','','','','','','','','','','','','','','','',0,'','','','','','','','','',''),(232,230,'','','','','','','','','','','','','','','','','','','',0,'','','','','','','','','',''),(233,231,'','','','','','','','','','','','','','','','','','','',0,'','','','','','','','','',''),(234,232,'','','','','','','','','','','','','','','','','','','',0,'','','','','','','','','',''),(235,233,'','','','','','','','','','','','','','','','','','','',0,'','','','','','','','','',''),(236,234,'','','','','','','','','','','','','','','','','','','',0,'','','','','','','','','',''),(237,235,'','','','','','','','','','','','','','','','','','','',0,'','','','','','','','','',''),(238,236,'','','','','','','','','','','','','','','','','','','',0,'','','','','','','','','',''),(239,237,'','','','','','','','','','','','','','','','','','','',0,'','','','','','','','','',''),(240,238,'','','','','','','','','','','','','','','','','','','',0,'','','','','','','','','',''),(241,239,'','','','','','','','','','','','','','','','','','','',0,'','','','','','','','','',''),(242,241,'','','','','','','','','','','','','','','','','','','',0,'','','','','','','','','',''),(243,242,'','','','','','','','','','','','','','','','','','','',0,'','','','','','','','','',''),(244,240,'','','','','','','','','','','','','','','','','','','',0,'','','','','','','','','',''),(245,243,'','','','','','','','','','','','','','','','','','','',0,'','','','','','','','','',''),(246,244,'','','','','','','','','','','','','','','','','','','',0,'','','','','','','','','',''),(247,245,'','','','','','','','','','','','','','','','','','','',0,'','','','','','','','','',''),(248,246,'','','','','','','','','','','','','','','','','','','',0,'','','','','','','','','',''),(249,247,'','','','','','','','','','','','','','','','','','','',0,'','','','','','','','','',''),(250,249,'','','','','','','','','','','','','','','','','','','',0,'','','','','','','','','',''),(251,248,'','','','','','','','','','','','','','','','','','','',0,'','','','','','','','','',''),(252,250,'','','','','','','','','','','','','','','','','','','',0,'','','','','','','','','',''),(253,251,'','','','','','','','','','','','','','','','','','','',0,'','','','','','','','','',''),(254,252,'','','','','','','','','','','','','','','','','','','',0,'','','','','','','','','',''),(255,254,'','','','','','','','','','','','','','','','','','','',0,'','','','','','','','','',''),(256,253,'','','','','','','','','','','','','','','','','','','',0,'','','','','','','','','',''),(257,255,'','','','','','','','','','','','','','','','','','','',0,'','','','','','','','','',''),(258,256,'','','','','','','','','','','','','','','','','','','',0,'','','','','','','','','',''),(259,257,'','','','','','','','','','','','','','','','','','','',0,'','','','','','','','','',''),(260,259,'','','','','','','','','','','','','','','','','','','',0,'','','','','','','','','',''),(261,258,'','','','','','','','','','','','','','','','','','','',0,'','','','','','','','','',''),(262,260,'','','','','','','','','','','','','','','','','','','',0,'','','','','','','','','',''),(263,261,'','','','','','','','','','','','','','','','','','','',0,'','','','','','','','','',''),(264,262,'','','','','','','','','','','','','','','','','','','',0,'','','','','','','','','',''),(265,264,'','','','','','','','','','','','','','','','','','','',0,'','','','','','','','','',''),(266,265,'','','','','','','','','','','','','','','','','','','',0,'','','','','','','','','',''),(267,266,'','','','','','','','','','','','','','','','','','','',0,'','','','','','','','','',''),(268,267,'','','','','','','','','','','','','','','','','','','',0,'','','','','','','','','',''),(269,263,'','','','','','','','','','','','','','','','','','','',0,'','','','','','','','','',''),(270,268,'','','','','','','','','','','','','','','','','','','',0,'','','','','','','','','',''),(271,269,'','','','','','','','','','','','','','','','','','','',0,'','','','','','','','','',''),(272,270,'','','','','','','','','','','','','','','','','','','',0,'','','','','','','','','',''),(273,271,'','','','','','','','','','','','','','','','','','','',0,'','','','','','','','','',''),(274,272,'','','','','','','','','','','','','','','','','','','',0,'','','','','','','','','',''),(275,35,'','','','','','','','','','','','','','','','','','','',0,'','','','','','','','','',''),(276,273,'','','','','','','','','','','','','','','','','','','',0,'','','','','','','','','',''),(277,274,'','','','','','','','','','','','','','','','','','','',0,'','','','','','','','','',''),(278,276,'','','','','','','','','','','','','','','','','','','',0,'','','','','','','','','',''),(279,277,'','','','','','','','','','','','','','','','','','','',0,'','','','','','','','','',''),(280,278,'','','','','','','','','','','','','','','','','','','',0,'','','','','','','','','',''),(281,279,'','','','','','','','','','','','','','','','','','','',0,'','','','','','','','','',''),(282,280,'','','','','','','','','','','','','','','','','','','',0,'','','','','','','','','',''),(283,281,'','','','','','','','','','','','','','','','','','','',0,'','','','','','','','','',''),(284,283,'','','','','','','','','','','','','','','','','','','',0,'','','','','','','','','',''),(285,282,'','','','','','','','','','','','','','','','','','','',0,'','','','','','','','','',''),(286,284,'','','','','','','','','','','','','','','','','','','',0,'','','','','','','','','',''),(287,286,'','','','','','','','','','','','','','','','','','','',0,'','','','','','','','','',''),(288,287,'','','','','','','','','','','','','','','','','','','',0,'','','','','','','','','',''),(289,288,'','','','','','','','','','','','','','','','','','','',0,'','','','','','','','','',''),(290,289,'','','','','','','','','','','','','','','','','','','',0,'','','','','','','','','',''),(291,290,'','','','','','','','','','','','','','','','','','','',0,'','','','','','','','','',''),(292,291,'','','','','','','','','','','','','','','','','','','',0,'','','','','','','','','',''),(293,292,'','','','','','','','','','','','','','','','','','','',0,'','','','','','','','','',''),(294,41,'','','','','','','','','','','','','','','','','','','',0,'','','','','','','','','',''),(295,39,'','','','','','','','','','','','','','','','','','','',0,'','','','','','','','','',''),(296,42,'','','','','','','','','','','','','','','','','','','',0,'','','','','','','','','',''),(297,295,'','','','','','','','','','','','','','','','','','','',0,'','','','','','','','','',''),(298,296,'','','','','','','','','','','','','','','','','','','',0,'','','','','','','','','','');

UNLOCK TABLES;

/*Table structure for table `user_flirter` */

DROP TABLE IF EXISTS `user_flirter`;

CREATE TABLE `user_flirter` (
  `id` int(11) NOT NULL AUTO_INCREMENT,
  `reply` int(11) NOT NULL,
  `message` text NOT NULL,
  `from` int(11) NOT NULL,
  `to` int(11) NOT NULL,
  `read` tinyint(1) NOT NULL DEFAULT '0',
  `trash` tinyint(1) NOT NULL DEFAULT '0',
  `created` timestamp NOT NULL DEFAULT CURRENT_TIMESTAMP,
  PRIMARY KEY (`id`)
) ENGINE=InnoDB AUTO_INCREMENT=56 DEFAULT CHARSET=latin1;

/*Data for the table `user_flirter` */

LOCK TABLES `user_flirter` WRITE;

insert  into `user_flirter`(`id`,`reply`,`message`,`from`,`to`,`read`,`trash`,`created`) values (25,0,'Nudge nudge wink wink. You, me, whipped cream and handcuffs',16,9,1,1,'2011-12-27 01:28:43'),(26,25,'mata theree na thoooo',9,16,0,1,'2011-12-27 03:12:15'),(27,25,'If I send you a message, would you reply? ',9,16,1,1,'2011-12-27 03:31:56'),(28,25,'Any questions? Is it hot in here or have you just set my pants on fire? ',9,16,1,0,'2011-12-27 03:38:39'),(29,25,'Stop teasinâ€™ me and start pleasinâ€™ me! ',9,16,1,0,'2011-12-27 03:40:57'),(30,29,'You are at the top of my ',16,9,1,1,'2011-12-27 03:41:21'),(31,29,'If I show you I\'m Australian would you show me your Brazilian? ',16,9,0,0,'2011-12-27 03:46:41'),(32,0,'Nudge nudge wink wink. You, me, whipped cream and handcuffs',9,16,0,0,'2012-01-04 05:12:46'),(33,0,'I just wanted to say that I loved your profile. ',9,16,0,0,'2012-01-11 21:07:50'),(34,0,'You rock my socks off, can I borrow yours? ',9,16,1,0,'2012-01-11 21:10:11'),(35,0,'Nudge nudge wink wink. You, me, whipped cream and handcuffs',9,16,0,0,'2012-01-21 21:41:15'),(36,0,'If I show you I\'m Australian would you show me your Brazilian? ',9,16,1,0,'2012-01-21 21:45:15'),(37,0,'You rock my socks off, can I borrow yours? ',19,19,0,0,'2012-01-21 21:45:37'),(38,0,'You\'re exactly what I\'m looking for. Please message me I\'m keen',29,25,0,0,'2012-03-24 21:25:55'),(39,0,'Want to meet and see where it goes? I\'ve got some free time.',25,25,0,0,'2012-03-24 21:43:04'),(40,0,'Nudge nudge wink wink. You, me, whipped cream and handcuffs',16,19,0,1,'2012-04-02 01:35:00'),(41,0,'Nudge nudge wink wink. You, me, whipped cream and handcuffs',16,19,0,1,'2012-04-02 01:36:59'),(42,0,'Nudge nudge wink wink. You, me, whipped cream and handcuffs',16,19,0,0,'2012-04-02 01:39:06'),(43,0,'Nudge nudge wink wink. You, me, whipped cream and handcuffs',16,19,0,0,'2012-04-02 01:41:19'),(44,0,'Nudge nudge wink wink. You, me, whipped cream and handcuffs',16,19,0,0,'2012-04-02 01:41:21'),(45,0,'Nudge nudge wink wink. You, me, whipped cream and handcuffs',16,19,0,0,'2012-04-02 01:44:20'),(46,0,'If I show you I\'m Australian would you show me your Brazilian? ',16,19,0,0,'2012-04-02 01:44:35'),(47,0,'If I show you I\'m Australian would you show me your Brazilian? ',16,19,0,0,'2012-04-02 01:45:25'),(48,0,'Can I give you an Aussie kiss? It\'s like a French kiss but down under ',16,19,0,0,'2012-04-02 01:50:42'),(49,0,'Can I give you an Aussie kiss? It\'s like a French kiss but down under ',16,19,0,0,'2012-04-02 01:55:11'),(50,0,'Can I give you an Aussie kiss? It\'s like a French kiss but down under ',16,19,0,0,'2012-04-02 01:56:47'),(51,0,'Can I give you an Aussie kiss? It\'s like a French kiss but down under ',16,19,0,0,'2012-04-02 01:58:56'),(52,0,'Can I give you an Aussie kiss? It\'s like a French kiss but down under ',16,19,0,0,'2012-04-02 02:08:02'),(53,0,'Can I give you an Aussie kiss? It\'s like a French kiss but down under ',16,27,0,0,'2012-04-02 02:26:43'),(54,0,'You are at the top of my \"to do\" list\r\n',16,29,0,0,'2012-04-02 02:30:17'),(55,0,'Stop teasin’ me and start pleasin’ me! ',16,18,0,0,'2012-04-02 02:35:27');

UNLOCK TABLES;

/*Table structure for table `user_lists` */

DROP TABLE IF EXISTS `user_lists`;

CREATE TABLE `user_lists` (
  `userid` int(11) NOT NULL,
  `list_user` int(11) NOT NULL,
  `list_code` varchar(10) NOT NULL,
  `accepted` tinyint(4) NOT NULL,
  `date` timestamp NOT NULL DEFAULT CURRENT_TIMESTAMP,
  PRIMARY KEY (`userid`,`list_user`,`list_code`)
) ENGINE=InnoDB DEFAULT CHARSET=latin1;

/*Data for the table `user_lists` */

LOCK TABLES `user_lists` WRITE;

insert  into `user_lists`(`userid`,`list_user`,`list_code`,`accepted`,`date`) values (9,9,'FRIEND',1,'2012-01-11 04:26:30'),(9,10,'FRIEND',1,'2012-01-11 06:25:25'),(9,14,'FRIEND',0,'2012-01-11 22:22:35'),(9,15,'PVTPHOTO',0,'2012-01-22 05:35:45'),(9,16,'BLOCK',0,'2012-01-21 20:39:52'),(9,16,'FRIEND',1,'0000-00-00 00:00:00'),(9,16,'HOT',0,'0000-00-00 00:00:00'),(9,16,'PVTVIDEO',0,'2012-01-22 05:42:27'),(9,16,'SHORT',0,'0000-00-00 00:00:00'),(9,18,'HOT',0,'2012-01-14 00:18:13'),(9,18,'SHORT',0,'2012-01-14 02:31:20'),(9,19,'HOT',0,'2012-01-14 00:04:36'),(9,24,'FRIEND',1,'2012-02-20 23:37:28'),(9,24,'HOT',0,'2012-02-20 23:37:13'),(10,16,'HOT',0,'2012-01-12 00:41:28'),(16,18,'FRIEND',0,'2012-04-02 02:35:24'),(16,18,'HOT',0,'2012-04-02 02:35:17'),(16,18,'SHORT',0,'2012-04-02 02:35:21'),(16,29,'HOT',0,'2012-04-02 02:30:22'),(16,29,'SHORT',0,'2012-04-02 02:30:28'),(18,9,'FRIEND',1,'2012-01-14 03:27:36'),(18,9,'HOT',0,'2012-01-14 01:55:31'),(18,9,'SHORT',0,'2012-01-14 02:28:50'),(18,10,'FRIEND',0,'2012-01-14 00:59:46'),(18,12,'HOT',0,'2012-01-14 00:58:25'),(18,14,'HOT',0,'2012-01-14 01:56:18'),(18,15,'HOT',0,'2012-01-14 01:56:35'),(19,9,'BLOCK',0,'2012-01-21 21:22:31'),(19,9,'FRIEND',1,'2012-01-23 23:39:32'),(20,19,'FRIEND',0,'2012-03-13 10:51:40'),(24,19,'HOT',0,'2012-02-20 23:50:34'),(24,21,'HOT',0,'2012-02-20 23:49:09'),(29,25,'FRIEND',0,'2012-03-24 21:28:11'),(29,25,'HOT',0,'2012-03-24 21:28:05'),(29,25,'SHORT',0,'2012-03-24 21:28:19');

UNLOCK TABLES;

/*Table structure for table `user_locations` */

DROP TABLE IF EXISTS `user_locations`;

CREATE TABLE `user_locations` (
  `id` int(11) NOT NULL AUTO_INCREMENT,
  `name` varchar(250) NOT NULL,
  `code` varchar(250) NOT NULL,
  `published` int(11) NOT NULL,
  `order` int(11) NOT NULL,
  `short_name` varchar(10) NOT NULL,
  PRIMARY KEY (`id`)
) ENGINE=InnoDB AUTO_INCREMENT=10 DEFAULT CHARSET=latin1;

/*Data for the table `user_locations` */

LOCK TABLES `user_locations` WRITE;

insert  into `user_locations`(`id`,`name`,`code`,`published`,`order`,`short_name`) values (0,'Australia','0',1,1,'Australia'),(2,'Australian Capital Territory','Australian Capital Territory',1,2,'ACT'),(3,'New South Wales','New South Wales',1,3,'NSW'),(4,'Northern Territory','Northern Territory',1,4,'NT'),(5,'Queensland','Queensland',1,5,'QLD'),(6,'South Australia','South Australia',1,6,'SA'),(7,'Tasmania','Tasmania',1,7,'TAS'),(8,'Victoria','Victoria',1,8,'VIC'),(9,'Western Australia','Western Australia',1,9,'WA');

UNLOCK TABLES;

/*Table structure for table `user_lookinfor` */

DROP TABLE IF EXISTS `user_lookinfor`;

CREATE TABLE `user_lookinfor` (
  `userid` int(11) NOT NULL,
  `seeking` text NOT NULL,
  `staus` varchar(100) NOT NULL,
  `max_age` int(11) NOT NULL DEFAULT '50',
  `min_age` int(11) NOT NULL DEFAULT '18',
  `location` varchar(100) NOT NULL,
  PRIMARY KEY (`userid`)
) ENGINE=InnoDB DEFAULT CHARSET=latin1;

/*Data for the table `user_lookinfor` */

LOCK TABLES `user_lookinfor` WRITE;

insert  into `user_lookinfor`(`userid`,`seeking`,`staus`,`max_age`,`min_age`,`location`) values (0,'','',50,18,''),(9,'a:3:{i:0;s:1:\"0\";i:1;s:1:\"3\";i:2;s:1:\"2\";}','Married',20,10,'2'),(10,'','',50,18,''),(12,'','',50,18,''),(14,'','',50,18,''),(15,'','',50,18,''),(16,'a:3:{i:0;s:3:\"Men\";i:1;s:5:\"Women\";i:2;s:7:\"Couples\";}','Single',50,18,'Western Australia'),(18,'','',50,18,''),(19,'','',50,18,''),(20,'','',50,18,''),(21,'','',50,18,''),(22,'','',50,18,''),(24,'a:3:{i:0;s:1:\"0\";i:1;s:1:\"3\";i:2;s:1:\"2\";}','Married',50,18,'2'),(25,'a:1:{i:0;s:1:\"3\";}','Married',50,25,'5'),(26,'','',50,18,''),(27,'','',50,18,''),(29,'','',50,18,''),(30,'','',50,18,''),(31,'','',50,18,''),(32,'','',50,18,''),(33,'','',50,18,''),(35,'','',50,18,''),(36,'','',50,18,''),(38,'','',50,18,''),(39,'','',50,18,''),(41,'','',50,18,''),(42,'','',50,18,''),(44,'','',50,18,''),(45,'','',50,18,''),(46,'','',50,18,''),(47,'','',50,18,''),(48,'','',50,18,''),(49,'','',50,18,''),(50,'','',50,18,''),(51,'','',50,18,''),(52,'','',50,18,''),(53,'','',50,18,''),(54,'','',50,18,''),(55,'','',50,18,''),(56,'','',50,18,''),(57,'','',50,18,''),(58,'','',50,18,''),(59,'','',50,18,''),(60,'','',50,18,''),(61,'','',50,18,''),(62,'','',50,18,''),(63,'','',50,18,''),(64,'','',50,18,''),(65,'','',50,18,''),(66,'','',50,18,''),(67,'','',50,18,''),(68,'','',50,18,''),(69,'','',50,18,''),(70,'','',50,18,''),(71,'','',50,18,''),(72,'','',50,18,''),(73,'','',50,18,''),(74,'','',50,18,''),(75,'','',50,18,''),(76,'','',50,18,''),(77,'','',50,18,''),(78,'','',50,18,''),(79,'','',50,18,''),(80,'','',50,18,''),(81,'','',50,18,''),(82,'','',50,18,''),(83,'','',50,18,''),(84,'','',50,18,''),(85,'','',50,18,''),(86,'','',50,18,''),(87,'','',50,18,''),(88,'','',50,18,''),(89,'','',50,18,''),(90,'','',50,18,''),(91,'','',50,18,''),(92,'','',50,18,''),(93,'','',50,18,''),(94,'','',50,18,''),(95,'','',50,18,''),(96,'','',50,18,''),(97,'','',50,18,''),(98,'','',50,18,''),(99,'','',50,18,''),(100,'','',50,18,''),(101,'','',50,18,''),(102,'','',50,18,''),(103,'','',50,18,''),(104,'','',50,18,''),(105,'','',50,18,''),(106,'','',50,18,''),(107,'','',50,18,''),(108,'','',50,18,''),(109,'','',50,18,''),(110,'','',50,18,''),(111,'','',50,18,''),(112,'','',50,18,''),(113,'','',50,18,''),(114,'','',50,18,''),(115,'','',50,18,''),(116,'','',50,18,''),(117,'','',50,18,''),(118,'','',50,18,''),(119,'','',50,18,''),(120,'','',50,18,''),(121,'','',50,18,''),(122,'','',50,18,''),(123,'','',50,18,''),(124,'','',50,18,''),(125,'','',50,18,''),(126,'','',50,18,''),(127,'','',50,18,''),(128,'','',50,18,''),(129,'','',50,18,''),(130,'','',50,18,''),(131,'','',50,18,''),(132,'','',50,18,''),(133,'','',50,18,''),(134,'','',50,18,''),(135,'','',50,18,''),(136,'','',50,18,''),(137,'','',50,18,''),(138,'','',50,18,''),(139,'','',50,18,''),(140,'','',50,18,''),(141,'','',50,18,''),(142,'','',50,18,''),(143,'','',50,18,''),(144,'','',50,18,''),(145,'','',50,18,''),(146,'','',50,18,''),(147,'','',50,18,''),(148,'','',50,18,''),(149,'','',50,18,''),(150,'','',50,18,''),(151,'','',50,18,''),(152,'','',50,18,''),(153,'','',50,18,''),(154,'','',50,18,''),(155,'','',50,18,''),(156,'','',50,18,''),(157,'','',50,18,''),(158,'','',50,18,''),(159,'','',50,18,''),(160,'','',50,18,''),(161,'','',50,18,''),(162,'','',50,18,''),(163,'','',50,18,''),(164,'','',50,18,''),(165,'','',50,18,''),(166,'','',50,18,''),(167,'','',50,18,''),(168,'','',50,18,''),(169,'','',50,18,''),(170,'','',50,18,''),(171,'','',50,18,''),(172,'','',50,18,''),(173,'','',50,18,''),(174,'','',50,18,''),(175,'','',50,18,''),(176,'','',50,18,''),(177,'','',50,18,''),(178,'','',50,18,''),(179,'','',50,18,''),(180,'','',50,18,''),(181,'','',50,18,''),(182,'','',50,18,''),(183,'','',50,18,''),(184,'','',50,18,''),(185,'','',50,18,''),(186,'','',50,18,''),(187,'','',50,18,''),(188,'','',50,18,''),(189,'','',50,18,''),(190,'','',50,18,''),(191,'','',50,18,''),(192,'','',50,18,''),(193,'','',50,18,''),(194,'','',50,18,''),(195,'','',50,18,''),(196,'','',50,18,''),(197,'','',50,18,''),(198,'','',50,18,''),(199,'','',50,18,''),(200,'','',50,18,''),(201,'','',50,18,''),(202,'','',50,18,''),(203,'','',50,18,''),(204,'','',50,18,''),(205,'','',50,18,''),(206,'','',50,18,''),(207,'','',50,18,''),(208,'','',50,18,''),(209,'','',50,18,''),(210,'','',50,18,''),(211,'','',50,18,''),(212,'','',50,18,''),(213,'','',50,18,''),(214,'','',50,18,''),(215,'','',50,18,''),(216,'','',50,18,''),(217,'','',50,18,''),(218,'','',50,18,''),(219,'','',50,18,''),(220,'','',50,18,''),(221,'','',50,18,''),(222,'','',50,18,''),(223,'','',50,18,''),(224,'','',50,18,''),(225,'','',50,18,''),(226,'','',50,18,''),(227,'','',50,18,''),(228,'','',50,18,''),(229,'','',50,18,''),(230,'','',50,18,''),(231,'','',50,18,''),(232,'','',50,18,''),(233,'','',50,18,''),(234,'','',50,18,''),(235,'','',50,18,''),(236,'','',50,18,''),(237,'','',50,18,''),(238,'','',50,18,''),(239,'','',50,18,''),(240,'','',50,18,''),(241,'','',50,18,''),(242,'','',50,18,''),(243,'','',50,18,''),(244,'','',50,18,''),(245,'','',50,18,''),(246,'','',50,18,''),(247,'','',50,18,''),(248,'','',50,18,''),(249,'','',50,18,''),(250,'','',50,18,''),(251,'','',50,18,''),(252,'','',50,18,''),(253,'','',50,18,''),(254,'','',50,18,''),(255,'','',50,18,''),(256,'','',50,18,''),(257,'','',50,18,''),(258,'','',50,18,''),(259,'','',50,18,''),(260,'','',50,18,''),(261,'','',50,18,''),(262,'','',50,18,''),(263,'','',50,18,''),(264,'','',50,18,''),(265,'','',50,18,''),(266,'','',50,18,''),(267,'','',50,18,''),(268,'','',50,18,''),(269,'','',50,18,''),(270,'','',50,18,''),(271,'','',50,18,''),(272,'','',50,18,''),(273,'','',50,18,''),(274,'','',50,18,''),(276,'','',50,18,''),(277,'','',50,18,''),(278,'','',50,18,''),(279,'','',50,18,''),(280,'','',50,18,''),(281,'','',50,18,''),(282,'','',50,18,''),(283,'','',50,18,''),(284,'','',50,18,''),(286,'','',50,18,''),(287,'','',50,18,''),(288,'','',50,18,''),(289,'','',50,18,''),(290,'','',50,18,''),(291,'','',50,18,''),(292,'','',50,18,''),(295,'','',50,18,''),(296,'','',50,18,'');

UNLOCK TABLES;

/*Table structure for table `user_types` */

DROP TABLE IF EXISTS `user_types`;

CREATE TABLE `user_types` (
  `name` varchar(100) NOT NULL,
  `code` varchar(100) NOT NULL,
  `published` int(11) NOT NULL,
  `order` int(11) NOT NULL,
  `type_id` int(11) NOT NULL,
  PRIMARY KEY (`code`)
) ENGINE=InnoDB DEFAULT CHARSET=latin1;

/*Data for the table `user_types` */

LOCK TABLES `user_types` WRITE;

insert  into `user_types`(`name`,`code`,`published`,`order`,`type_id`) values ('Couple','Couple',1,3,3),('Group','Group',1,4,2),('Man','Man',1,1,1),('Woman','Woman',1,2,0);

UNLOCK TABLES;

/*Table structure for table `users` */

DROP TABLE IF EXISTS `users`;

CREATE TABLE `users` (
  `id` int(10) NOT NULL AUTO_INCREMENT,
  `username` varchar(50) NOT NULL,
  `firstname` varchar(50) NOT NULL,
  `lastname` varchar(50) NOT NULL,
  `email` varchar(100) NOT NULL,
  `password` varchar(50) NOT NULL,
  `activated` tinyint(4) NOT NULL DEFAULT '0',
  `location` int(200) NOT NULL,
  `sex` tinyint(1) NOT NULL,
  `age` int(11) NOT NULL,
  `bday` date NOT NULL,
  `postcode` varchar(50) NOT NULL,
  `city_suburb` varchar(255) DEFAULT NULL,
  `removed` tinyint(4) NOT NULL,
  `logged_count` int(11) NOT NULL,
  `last_login` date NOT NULL,
  `date_joined` timestamp NOT NULL DEFAULT CURRENT_TIMESTAMP,
  PRIMARY KEY (`id`)
) ENGINE=MyISAM AUTO_INCREMENT=33 DEFAULT CHARSET=latin1;

/*Data for the table `users` */

LOCK TABLES `users` WRITE;

insert  into `users`(`id`,`username`,`firstname`,`lastname`,`email`,`password`,`activated`,`location`,`sex`,`age`,`bday`,`postcode`,`city_suburb`,`removed`,`logged_count`,`last_login`,`date_joined`) values (12,'kirimgan','Kirill','Reva','kirimgan@yandex.ru','d329b56f0ec96fe980d2c8de47f90a9a',1,2,1,25,'0000-00-00','',NULL,0,0,'0000-00-00','2012-02-25 00:00:00'),(10,'ivanivan','ivan','ivan','kirimgan@gmail.com','e10adc3949ba59abbe56e057f20f883e',1,2,1,30,'0000-00-00','',NULL,0,0,'0000-00-00','2012-02-25 00:00:00'),(9,'udana1','Udana','Udayanga','udana@udana.net','e10adc3949ba59abbe56e057f20f883e',1,5,1,25,'1983-01-10','1234567',NULL,0,19,'2012-03-27','2012-02-25 00:00:00'),(14,'udanaudayanga','Udana','Udayanga','1udanaudayanga@gmail.com','d329b56f0ec96fe980d2c8de47f90a9a',1,2,0,20,'1980-02-29','',NULL,0,0,'0000-00-00','2012-02-25 00:00:00'),(15,'testuser1','','','info@helatech.com','e99a18c428cb38d5f260853678922e03',0,2,0,0,'0000-00-00','',NULL,0,0,'0000-00-00','2012-02-25 00:00:00'),(16,'udana2','udana','UDAYANGA','thilini1986@gmail.com','f0888760208e7e76311855d4c168a238',1,2,1,0,'1986-11-20','',NULL,0,2,'2012-04-02','2012-02-25 00:00:00'),(17,'Removed Profile','abc','def','abc@tesind.com','e10adc3949ba59abbe56e057f20f883e',0,2,1,26,'2001-01-01','',NULL,1,0,'0000-00-00','2012-02-25 00:00:00'),(18,'anastasia97','fffdds','fsdf','sfsd@sdf.com','e10adc3949ba59abbe56e057f20f883e',1,2,1,0,'1977-10-27','',NULL,0,0,'0000-00-00','2012-02-25 00:00:00'),(19,'thilini','thilini','rath','1thilini1986@gmail.com','e10adc3949ba59abbe56e057f20f883e',1,2,0,0,'1985-01-01','',NULL,0,5,'2012-03-13','2012-02-25 00:00:00'),(20,'thilini1986','Test','r','1thilinipooranee@gmail.com','e10adc3949ba59abbe56e057f20f883e',1,2,0,0,'1985-01-01','',NULL,0,4,'2012-03-13','2012-03-23 00:00:00'),(21,'abc123','','','2thilinipooranee@gmail.com','e10adc3949ba59abbe56e057f20f883e',0,0,0,0,'0000-00-00','',NULL,0,0,'0000-00-00','2012-03-23 00:00:00'),(22,'abc456','abc','abc','3thilinipooranee@gmail.com','e10adc3949ba59abbe56e057f20f883e',1,4,0,0,'1987-08-10','',NULL,0,1,'2012-02-03','2012-03-23 00:00:00'),(23,'zzz111','','','thilini1986@gmail.com','e10adc3949ba59abbe56e057f20f883e',0,0,0,0,'0000-00-00','',NULL,0,0,'0000-00-00','2012-03-23 00:00:00'),(24,'thilinitest1','','','thilinipooranee@gmail.com','e10adc3949ba59abbe56e057f20f883e',1,5,0,0,'1984-03-01','',NULL,0,1,'2012-02-20','2012-03-23 00:00:00'),(25,'sharkcat','neville','klaric','neville.klaric1@gmail.com','11a7f956c37bf0459e9c80b16cc72107',1,5,3,0,'1960-01-26','4212',NULL,0,7,'2012-03-24','2012-03-23 00:00:00'),(26,'spammy','','','spamschirm@gmx.de','73480e94202457bd599f9832ddc7fcb3',1,0,0,0,'0000-00-00','',NULL,0,1,'2012-03-09','2012-03-23 00:00:00'),(27,'witchy','','','neville.klaric1@gmail.com','a4e360681676c770121e891f8c407572',0,0,0,0,'0000-00-00','',NULL,0,0,'0000-00-00','2012-03-23 00:00:00'),(28,'mocakadowlmob','','','voskobojnikovnatali@mail.ru','ec93e7ad1ab3088df8deb142f66348bb',0,0,0,0,'0000-00-00','',NULL,0,0,'0000-00-00','2012-03-23 00:00:00'),(29,'kittykat','Tania','Edwards','witchytania@bigpond.com','f0bf97d2f85c040963f47c03888434c4',1,5,0,0,'1981-04-18','',NULL,0,3,'2012-03-26','2012-03-23 00:00:00'),(30,'ljurgs','Luke','Jurgs','l.jurgs@gmail.com','7c6a180b36896a0a8c02787eeafb0e4c',1,5,1,0,'1982-03-03','',NULL,0,1,'2012-03-24','2012-03-23 00:00:00'),(31,'udana4','udana','udayanga','e243724@rppkn.com','d329b56f0ec96fe980d2c8de47f90a9a',1,2,1,0,'2001-01-01','',NULL,0,4,'2012-03-27','2012-03-23 00:00:00'),(32,'udana5','','','e244407@rppkn.com','d329b56f0ec96fe980d2c8de47f90a9a',1,0,0,0,'0000-00-00','',NULL,0,1,'2012-03-26','2012-03-23 00:00:00');

UNLOCK TABLES;

/*!40101 SET SQL_MODE=@OLD_SQL_MODE */;
/*!40014 SET FOREIGN_KEY_CHECKS=@OLD_FOREIGN_KEY_CHECKS */;
/*!40014 SET UNIQUE_CHECKS=@OLD_UNIQUE_CHECKS */;
/*!40111 SET SQL_NOTES=@OLD_SQL_NOTES */;
